temp,accX,accY,accZ,angleX,angleY,label
43.33,0.002,-0.059,0.992,-3.16,-1.59,0
43.03,0.044,-0.045,1.026,-3.39,-1.63,0
43.93,0.046,-0.014,0.989,-3.27,-1.61,0
43.6,0.026,-0.054,1.016,-3.46,-1.78,0
43.44,-0.004,-0.064,0.993,-3.29,-1.76,0
43.08,-0.003,-0.069,0.977,-3.17,-1.91,0
43.95,0.06,-0.048,0.984,-3.33,-1.63,0
43.07,0.029,-0.052,0.997,-3.2,-1.67,0
43.68,0.052,-0.069,0.992,-3.27,-1.64,0
43.49,0.015,-0.03,0.996,-3.32,-1.53,0
43.11,0.021,-0.059,1.035,-3.19,-1.74,0
43.13,0.017,-0.081,1.02,-3.32,-1.65,0
43.43,0.017,-0.078,1.006,-3.15,-1.71,0
43.41,0.06,-0.061,1.013,-3.28,-1.65,0
43.96,0.051,-0.087,1.042,-3.39,-1.56,0
43.18,0.049,-0.06,1.016,-3.28,-1.81,0
43.41,0.035,-0.041,0.987,-3.23,-1.61,0
43.34,0.031,-0.061,0.963,-3.25,-1.63,0
43.51,0.064,-0.087,1.006,-3.46,-1.53,0
43.48,0.005,-0.073,0.965,-3.4,-1.65,0
43.46,0.028,-0.077,1.003,-3.25,-1.49,0
43.08,0.026,-0.06,1.011,-3.28,-1.62,0
43.31,0.023,-0.057,1.001,-2.98,-1.56,0
43.84,0.013,-0.085,0.96,-3.12,-1.67,0
43.04,0.012,-0.037,1.008,-3.43,-1.5,0
43.3,0.033,-0.096,1.007,-3.32,-1.49,0
43.16,0.005,-0.072,0.946,-3.15,-1.69,0
43.09,-0.013,-0.084,0.984,-3.43,-1.68,0
43.71,0.004,-0.061,1.005,-3.15,-1.75,0
43.67,0.048,-0.092,1.043,-3.29,-1.63,0
43.71,-0.002,-0.094,1.031,-3.3,-1.56,0
43.49,0.061,-0.04,1.008,-3.16,-1.51,0
43.53,0.011,-0.039,0.971,-3.36,-1.74,0
43.19,0.087,-0.073,1.005,-3.3,-1.49,0
43.07,0.038,-0.075,1.016,-3.26,-1.75,0
43.23,0.01,-0.076,0.959,-3.18,-1.76,0
43.25,0.051,-0.049,0.996,-3.2,-1.57,0
43.26,0.016,-0.089,0.975,-3.22,-1.62,0
43.54,0.029,-0.035,1.019,-3.13,-1.54,0
43.14,0.048,-0.074,0.99,-3.18,-1.31,0
43.84,0.021,-0.095,0.99,-3.24,-1.6,0
43.3,0.08,-0.077,1.023,-3.19,-1.62,0
43.78,0.073,-0.073,0.986,-3.33,-1.66,0
43.12,0.028,-0.043,1.025,-3.28,-1.71,0
43.92,-0.002,-0.07,1.018,-3.13,-1.53,0
43.09,0.037,-0.042,1.018,-3.19,-1.7,0
43.59,0.048,-0.116,0.99,-3.28,-1.48,0
43.51,0.062,-0.05,0.996,-3.17,-1.76,0
43.8,0.025,-0.028,0.996,-3.24,-1.65,0
43.13,0.029,-0.042,0.983,-3.57,-1.79,0
43.46,0.009,-0.079,1.018,-3.3,-1.68,0
43.69,0.03,-0.04,0.983,-3.44,-1.61,0
43.49,-0.005,-0.05,0.968,-3.41,-1.6,0
43.16,0.055,-0.054,0.991,-3.37,-1.69,0
43.74,0.042,-0.046,1.011,-3.4,-1.76,0
43.77,0.031,-0.08,1.013,-3.09,-1.6,0
43.77,0.043,-0.093,0.977,-3.41,-1.67,0
43.78,0.002,-0.058,0.983,-3.29,-1.57,0
43.52,0.028,-0.024,0.998,-3.21,-1.59,0
43.71,0.004,-0.078,1.0,-3.23,-1.77,0
43.08,0.032,-0.078,0.993,-3.33,-1.66,0
43.27,0.025,-0.042,1.003,-3.19,-1.58,0
43.99,0.042,-0.038,0.988,-3.29,-1.65,0
43.48,0.036,-0.074,0.986,-3.16,-1.6,0
43.91,0.044,-0.077,1.009,-3.16,-1.62,0
43.48,-0.006,-0.083,0.991,-3.25,-1.67,0
43.2,0.083,-0.064,1.016,-3.17,-1.47,0
43.0,0.033,-0.086,1.009,-3.55,-1.67,0
43.69,-0.001,-0.076,1.006,-3.11,-1.62,0
43.58,0.059,-0.047,0.985,-3.17,-1.55,0
43.73,0.056,-0.061,0.986,-3.26,-1.48,0
43.93,0.044,-0.078,1.004,-3.29,-1.8,0
43.63,0.034,-0.058,1.022,-3.19,-1.58,0
43.73,0.028,-0.033,0.985,-3.28,-1.7,0
43.7,-0.003,-0.045,0.981,-3.39,-1.59,0
43.7,0.061,-0.054,1.007,-3.17,-1.57,0
43.18,0.032,-0.073,1.002,-3.22,-1.56,0
43.73,0.077,-0.083,0.99,-3.3,-1.75,0
43.54,0.021,-0.047,0.985,-3.24,-1.65,0
43.51,-0.0,-0.029,1.009,-3.17,-1.45,0
43.85,0.055,-0.076,0.981,-3.17,-1.53,0
43.16,0.022,-0.095,0.953,-3.08,-1.71,0
43.08,0.018,-0.036,0.967,-3.32,-1.72,0
43.78,0.048,-0.063,1.001,-3.37,-1.53,0
43.16,0.026,-0.064,1.001,-3.28,-1.62,0
43.4,0.019,-0.073,0.999,-3.24,-1.59,0
43.25,0.025,-0.025,0.948,-3.39,-1.82,0
43.07,0.011,-0.086,0.992,-3.18,-1.78,0
43.32,0.012,-0.055,1.005,-3.25,-1.5,0
43.44,0.038,-0.035,0.974,-3.16,-1.74,0
43.82,0.019,-0.064,1.023,-3.33,-1.63,0
43.83,0.076,-0.067,0.97,-3.3,-1.73,0
43.9,0.016,-0.046,1.002,-3.29,-1.77,0
43.18,0.022,-0.028,0.989,-3.07,-1.74,0
43.2,0.017,-0.087,1.001,-3.28,-1.55,0
43.24,-0.022,-0.033,1.032,-3.1,-1.77,0
43.8,0.04,-0.073,1.007,-3.21,-1.58,0
43.95,0.02,-0.06,0.981,-3.27,-1.67,0
43.02,0.021,-0.093,1.013,-3.43,-1.76,0
43.72,0.017,-0.056,1.002,-3.35,-1.55,0
43.58,0.041,-0.053,1.047,-3.25,-1.57,0
43.51,0.033,-0.049,1.015,-3.36,-1.63,0
43.5,0.021,-0.063,1.041,-3.32,-1.61,0
43.33,0.016,-0.062,1.028,-3.18,-1.68,0
43.34,0.053,-0.059,1.0,-3.13,-1.69,0
43.64,0.05,-0.071,1.014,-3.24,-1.47,0
43.48,0.054,-0.039,0.99,-3.33,-1.73,0
43.58,0.021,-0.07,0.993,-3.16,-1.66,0
43.02,0.029,-0.062,0.971,-3.31,-1.6,0
43.72,0.057,-0.045,0.963,-3.12,-1.57,0
43.72,0.025,-0.077,0.987,-3.4,-1.47,0
43.35,0.038,-0.078,0.972,-3.05,-1.63,0
43.43,0.037,-0.068,1.004,-3.28,-1.63,0
43.22,0.054,-0.044,1.005,-3.12,-1.61,0
43.32,0.022,-0.062,0.997,-3.22,-1.69,0
43.87,0.033,-0.052,0.971,-3.24,-1.46,0
43.05,0.027,-0.098,0.977,-3.35,-1.73,0
43.44,0.031,-0.05,0.976,-3.24,-1.76,0
43.47,0.056,-0.032,1.0,-3.3,-1.57,0
43.87,0.043,-0.032,1.022,-3.23,-1.51,0
43.09,0.013,-0.039,1.029,-3.36,-1.78,0
43.45,0.054,-0.044,0.988,-3.32,-1.75,0
43.48,0.031,-0.094,0.993,-3.36,-1.54,0
43.96,0.022,-0.109,0.968,-3.14,-1.61,0
43.97,0.053,-0.084,0.967,-3.2,-1.67,0
43.34,0.017,-0.044,1.047,-3.16,-1.5,0
43.37,0.046,-0.073,1.007,-3.25,-1.68,0
43.29,0.028,-0.073,1.025,-3.25,-1.74,0
43.59,0.004,-0.062,0.996,-3.34,-1.66,0
43.24,0.032,-0.05,0.966,-3.37,-1.52,0
43.47,-0.002,-0.06,1.018,-3.2,-1.75,0
43.75,0.038,-0.045,1.007,-3.3,-1.54,0
43.73,-0.007,-0.075,0.965,-3.16,-1.58,0
43.79,0.032,-0.067,0.99,-3.32,-1.64,0
43.07,-0.007,-0.059,1.0,-3.22,-1.58,0
43.6,0.052,-0.059,0.987,-3.36,-1.65,0
43.02,0.023,-0.099,0.996,-3.09,-1.46,0
43.17,0.036,-0.072,1.04,-3.17,-1.52,0
43.49,0.015,-0.059,0.98,-3.34,-1.7,0
43.82,0.045,-0.088,0.997,-3.18,-1.79,0
43.44,0.006,-0.062,1.006,-3.12,-1.62,0
43.22,0.029,-0.041,1.001,-3.16,-1.58,0
43.79,0.047,-0.083,1.002,-3.28,-1.71,0
43.07,0.04,-0.051,1.012,-3.2,-1.53,0
43.84,0.063,-0.083,1.017,-3.28,-1.76,0
43.71,0.035,-0.064,1.014,-3.29,-1.62,0
43.35,0.006,-0.059,0.998,-3.33,-1.69,0
43.51,0.047,-0.053,1.01,-3.23,-1.6,0
43.61,0.044,-0.07,1.016,-3.17,-1.63,0
43.9,0.004,-0.06,0.983,-3.25,-1.82,0
43.21,0.031,-0.071,1.001,-3.2,-1.58,0
43.83,0.061,-0.075,0.986,-3.24,-1.74,0
43.52,0.065,-0.063,1.027,-3.29,-1.7,0
43.91,0.014,-0.066,1.004,-3.18,-1.78,0
43.44,0.013,-0.077,1.006,-3.28,-1.71,0
43.99,0.053,-0.046,1.011,-3.38,-1.67,0
43.84,0.027,-0.053,0.966,-3.4,-1.78,0
43.61,0.032,-0.093,0.992,-3.39,-1.66,0
43.56,0.034,-0.086,0.998,-3.19,-1.64,0
43.85,-0.001,-0.045,0.977,-3.18,-1.68,0
43.91,0.023,-0.05,0.976,-3.25,-1.76,0
43.9,0.036,-0.075,1.0,-3.39,-1.61,0
43.59,-0.019,-0.043,1.012,-3.33,-1.65,0
43.17,0.009,-0.056,0.981,-3.14,-1.63,0
43.24,0.03,-0.092,0.987,-3.24,-1.68,0
43.31,0.025,-0.071,0.986,-3.28,-1.8,0
43.46,0.012,-0.056,0.977,-3.45,-1.45,0
43.26,0.018,-0.039,0.99,-3.12,-1.84,0
43.71,0.065,-0.052,1.022,-3.32,-1.74,0
43.42,0.03,-0.063,0.982,-3.22,-1.61,0
43.66,0.019,-0.039,0.991,-3.34,-1.66,0
43.91,0.061,-0.089,0.985,-3.2,-1.6,0
43.49,0.006,-0.033,1.019,-3.32,-1.55,0
43.77,0.015,-0.067,0.977,-3.48,-1.71,0
43.56,0.061,-0.033,0.995,-3.14,-1.55,0
43.32,0.034,-0.034,0.962,-3.44,-1.76,0
43.14,0.045,-0.089,1.005,-3.11,-1.61,0
43.72,0.057,-0.04,1.023,-3.27,-1.6,0
43.42,0.021,-0.052,1.001,-3.18,-1.53,0
43.28,0.029,-0.069,0.984,-3.18,-1.78,0
43.49,0.042,-0.016,1.005,-3.32,-1.58,0
43.84,0.017,-0.075,1.004,-3.11,-1.61,0
43.65,0.039,-0.048,1.0,-3.38,-1.79,0
43.62,0.021,-0.072,1.027,-3.26,-1.65,0
43.8,0.048,-0.058,0.992,-3.39,-1.67,0
43.77,0.018,-0.029,1.023,-3.33,-1.59,0
43.1,0.025,-0.059,0.996,-3.25,-1.7,0
43.67,0.041,-0.067,0.995,-3.23,-1.63,0
43.6,0.052,-0.038,1.009,-3.24,-1.59,0
44.0,0.018,-0.081,1.007,-3.39,-1.72,0
43.21,0.027,-0.046,0.999,-3.18,-1.65,0
43.55,0.068,-0.038,1.004,-3.4,-1.71,0
43.56,0.016,-0.086,0.993,-3.16,-1.49,0
43.73,0.032,-0.038,0.982,-3.25,-1.69,0
43.61,0.027,-0.068,0.999,-3.35,-1.64,0
43.61,0.025,-0.066,0.975,-3.2,-1.55,0
43.61,0.043,-0.055,1.007,-3.33,-1.81,0
43.55,0.016,-0.106,1.014,-3.27,-1.68,0
43.91,0.021,-0.041,1.001,-3.24,-1.79,0
43.9,0.018,-0.074,1.022,-3.4,-1.68,0
43.96,0.067,-0.048,0.989,-3.09,-1.49,0
43.26,0.029,-0.02,1.031,-3.41,-1.71,0
43.27,0.021,-0.053,1.005,-3.25,-1.7,0
43.04,-0.001,-0.042,0.982,-3.26,-1.7,0
43.93,0.015,-0.067,0.995,-3.26,-1.47,0
43.25,0.011,-0.016,0.978,-3.23,-1.63,0
43.41,0.007,-0.065,1.005,-3.36,-1.61,0
43.27,0.06,-0.063,0.999,-3.16,-1.64,0
43.29,-0.009,-0.036,1.028,-3.39,-1.61,0
43.39,0.029,-0.021,1.004,-3.37,-1.51,0
43.52,0.046,-0.051,0.996,-3.28,-1.62,0
43.25,0.016,-0.036,1.008,-3.39,-1.62,0
43.61,0.042,-0.056,1.012,-3.34,-1.44,0
43.02,0.029,-0.04,0.983,-3.4,-1.63,0
43.48,0.055,-0.078,0.96,-3.19,-1.37,0
43.36,0.018,-0.039,0.99,-3.43,-1.66,0
43.04,0.052,-0.035,1.039,-3.3,-1.56,0
43.32,-0.005,-0.026,1.0,-3.27,-1.63,0
43.86,0.049,-0.077,0.959,-3.31,-1.71,0
43.27,0.031,-0.063,1.011,-3.18,-1.54,0
43.08,0.033,-0.027,0.993,-3.37,-1.71,0
43.26,0.056,-0.084,0.997,-2.99,-1.49,0
43.53,0.018,-0.073,0.982,-3.2,-1.72,0
43.33,0.005,-0.092,0.986,-3.22,-1.51,0
43.51,0.04,-0.046,0.942,-3.4,-1.58,0
43.08,0.012,-0.033,0.977,-3.15,-1.72,0
43.35,0.044,-0.062,0.987,-3.25,-1.65,0
43.66,0.028,-0.085,1.035,-3.28,-1.64,0
43.34,0.038,-0.093,0.996,-3.24,-1.76,0
43.98,-0.004,-0.042,1.0,-3.14,-1.45,0
43.26,0.02,-0.09,0.991,-3.27,-1.75,0
43.4,-0.046,-0.048,0.989,-3.22,-1.58,0
43.01,0.017,-0.059,0.982,-3.26,-1.58,0
43.28,0.011,-0.047,1.014,-3.28,-1.62,0
43.61,0.051,-0.07,1.013,-3.28,-1.68,0
43.53,0.026,-0.06,1.031,-3.37,-1.63,0
43.69,0.001,-0.059,0.992,-3.26,-1.74,0
43.62,0.013,-0.056,1.033,-3.23,-1.77,0
43.47,-0.005,-0.074,1.005,-3.29,-1.52,0
43.44,0.055,-0.06,0.994,-3.24,-1.74,0
43.69,0.051,-0.074,1.002,-3.2,-1.95,0
43.53,0.02,-0.023,1.02,-3.17,-1.56,0
43.1,0.034,-0.064,1.019,-3.12,-1.46,0
43.32,0.037,-0.07,1.001,-3.22,-1.78,0
43.24,0.045,-0.084,1.028,-3.29,-1.68,0
43.49,0.018,-0.071,0.989,-3.13,-1.83,0
43.96,0.055,-0.041,1.005,-3.08,-1.4,0
43.58,0.027,-0.062,0.984,-3.37,-1.66,0
43.84,0.055,-0.084,0.998,-3.31,-1.59,0
43.96,-0.003,-0.057,1.008,-3.42,-1.74,0
43.02,0.041,-0.044,1.016,-3.28,-1.59,0
43.14,0.015,-0.029,0.991,-3.29,-1.72,0
43.96,0.008,-0.047,0.967,-3.34,-1.79,0
43.24,0.007,-0.077,1.002,-3.26,-1.55,0
43.85,0.04,-0.067,0.999,-3.16,-1.77,0
43.97,0.039,-0.041,1.049,-3.26,-1.55,0
43.0,0.058,-0.104,0.995,-3.07,-1.65,0
43.88,0.042,-0.045,0.985,-3.22,-1.71,0
43.11,-0.008,-0.035,1.003,-3.18,-1.7,0
43.96,0.016,-0.055,1.012,-3.34,-1.65,0
43.89,0.017,-0.095,0.988,-3.24,-1.71,0
43.8,0.034,-0.05,1.011,-3.13,-1.62,0
43.91,0.028,-0.038,1.057,-3.23,-1.69,0
43.97,0.027,-0.094,0.979,-3.41,-1.69,0
43.11,0.029,-0.08,0.975,-3.21,-1.55,0
43.93,0.036,-0.068,0.993,-3.37,-1.71,0
43.92,0.031,-0.054,0.998,-3.17,-1.55,0
43.58,0.056,-0.063,0.994,-3.3,-1.67,0
43.66,0.046,-0.128,1.035,-3.32,-1.59,0
43.29,0.041,-0.081,0.99,-3.28,-1.66,0
43.85,0.029,-0.092,1.02,-3.24,-1.53,0
43.1,0.034,-0.053,0.99,-3.16,-1.61,0
43.91,0.002,-0.042,0.996,-3.23,-1.62,0
43.2,0.025,-0.049,1.006,-3.22,-1.74,0
43.7,0.038,-0.06,1.012,-3.3,-1.73,0
43.31,0.069,-0.089,1.02,-3.24,-1.58,0
43.91,0.035,-0.027,0.983,-3.32,-1.55,0
43.79,0.02,-0.049,1.018,-3.33,-1.58,0
43.91,0.014,-0.042,0.983,-3.19,-1.59,0
43.74,0.035,-0.041,0.98,-3.22,-1.55,0
43.57,0.063,-0.06,1.027,-3.35,-1.61,0
43.31,0.038,-0.064,1.008,-3.3,-1.67,0
43.54,0.019,-0.064,1.013,-3.08,-1.78,0
43.69,0.009,-0.09,1.018,-3.3,-1.44,0
43.32,0.038,-0.037,0.974,-3.36,-1.81,0
43.08,0.007,-0.079,1.032,-3.33,-1.54,0
43.81,0.029,-0.078,0.98,-3.16,-1.82,0
43.34,0.008,-0.068,1.002,-3.15,-1.79,0
43.89,0.035,-0.074,1.054,-3.13,-1.77,0
43.69,0.066,-0.034,0.986,-3.28,-1.64,0
43.69,0.066,-0.04,0.989,-3.16,-1.79,0
43.69,0.043,-0.035,1.006,-3.15,-1.65,0
43.22,0.041,-0.044,0.981,-3.17,-1.77,0
43.39,0.053,-0.066,0.994,-3.13,-1.58,0
43.73,0.027,-0.062,0.971,-3.3,-1.64,0
43.84,0.016,-0.059,1.001,-3.24,-1.79,0
43.03,0.05,-0.057,1.03,-3.22,-1.58,0
43.07,0.037,-0.056,0.977,-3.34,-1.69,0
43.41,0.061,-0.037,1.014,-3.29,-1.62,0
43.25,0.023,-0.044,0.993,-3.19,-1.59,0
43.88,0.032,-0.042,0.99,-3.45,-1.67,0
43.28,0.022,-0.044,1.019,-3.27,-1.71,0
43.19,-0.01,-0.059,0.979,-3.45,-1.62,0
43.82,-0.008,-0.061,1.007,-3.22,-1.62,0
43.23,0.018,-0.039,0.99,-3.22,-1.59,0
43.26,0.011,-0.047,0.977,-3.23,-1.76,0
43.81,0.027,-0.076,0.993,-3.18,-1.73,0
43.07,0.041,-0.083,0.972,-3.27,-1.62,0
43.13,0.016,-0.027,0.999,-3.13,-1.55,0
43.15,0.024,-0.063,0.972,-3.25,-1.6,0
43.01,0.03,-0.068,1.008,-3.23,-1.84,0
43.96,0.034,-0.02,0.983,-3.27,-1.7,0
43.05,0.029,-0.092,1.013,-3.27,-1.69,0
43.03,0.069,-0.111,0.979,-3.32,-1.63,0
43.26,0.058,-0.048,1.012,-3.27,-1.67,0
43.65,0.06,-0.031,0.985,-3.23,-1.66,0
43.56,0.03,-0.071,1.0,-3.37,-1.78,0
43.05,0.042,-0.081,1.028,-3.27,-1.73,0
43.59,0.035,-0.09,1.001,-3.29,-1.59,0
43.76,0.059,-0.103,1.009,-3.1,-1.54,0
43.27,0.027,-0.028,0.983,-2.99,-1.58,0
43.59,0.006,-0.099,1.032,-3.38,-1.67,0
43.44,0.052,-0.051,0.964,-3.28,-1.67,0
43.45,0.042,-0.083,0.987,-3.16,-1.6,0
43.37,0.013,-0.075,1.01,-3.3,-1.72,0
43.59,0.035,-0.054,1.026,-3.33,-1.57,0
43.16,0.032,-0.024,1.006,-3.29,-1.64,0
43.5,0.008,-0.079,0.978,-3.22,-1.61,0
43.88,0.014,-0.026,0.969,-3.19,-1.57,0
43.8,0.026,-0.071,0.982,-3.27,-1.53,0
43.76,0.003,-0.064,0.998,-3.46,-1.56,0
43.2,0.063,-0.045,1.004,-3.22,-1.55,0
43.85,0.013,-0.062,0.998,-3.21,-1.56,0
43.04,0.053,-0.093,1.045,-3.2,-1.78,0
43.68,0.081,-0.04,1.021,-3.2,-1.72,0
43.65,0.03,-0.01,1.003,-3.18,-1.63,0
43.47,0.016,-0.065,0.983,-3.31,-1.84,0
43.6,0.035,-0.065,0.999,-3.14,-1.75,0
43.37,0.028,-0.048,0.991,-3.1,-1.59,0
43.13,0.032,-0.055,0.994,-3.28,-1.84,0
43.67,0.011,-0.076,0.982,-3.33,-1.55,0
43.23,0.029,-0.064,1.039,-3.36,-1.7,0
43.33,0.043,-0.062,0.968,-3.28,-1.77,0
43.69,0.034,-0.058,1.013,-3.41,-1.62,0
43.28,0.061,-0.062,0.994,-3.24,-1.74,0
43.23,0.036,-0.076,0.985,-3.22,-1.7,0
43.14,0.03,-0.065,1.021,-3.08,-1.61,0
43.72,0.036,-0.027,0.996,-3.34,-1.79,0
43.24,0.004,-0.105,1.025,-3.14,-1.72,0
43.05,0.053,-0.043,1.007,-3.2,-1.61,0
43.13,0.037,-0.077,1.004,-3.38,-1.61,0
43.75,0.027,-0.065,1.054,-3.38,-1.53,0
43.5,0.049,-0.096,1.017,-3.17,-1.46,0
43.81,0.052,-0.024,1.021,-3.25,-1.64,0
43.51,0.057,-0.046,1.009,-3.29,-1.74,0
43.51,0.036,-0.072,0.995,-3.26,-1.55,0
43.39,0.023,-0.068,0.988,-3.33,-1.83,0
43.11,0.039,-0.037,0.98,-3.32,-1.65,0
43.7,0.028,-0.061,1.019,-3.09,-1.59,0
43.53,-0.009,-0.076,1.03,-3.25,-1.58,0
43.95,0.014,-0.054,0.994,-3.49,-1.62,0
43.83,0.042,-0.098,1.044,-3.32,-1.52,0
43.4,0.016,-0.052,0.997,-3.28,-1.71,0
43.78,0.014,-0.086,0.956,-3.14,-1.73,0
43.63,0.036,-0.113,0.98,-3.19,-1.52,0
43.75,0.044,-0.069,0.981,-3.2,-1.59,0
43.21,0.029,-0.085,0.995,-3.36,-1.39,0
43.38,0.06,-0.097,1.004,-3.22,-1.75,0
43.58,0.051,-0.047,0.993,-3.27,-1.92,0
43.58,0.006,-0.061,1.018,-3.24,-1.73,0
43.76,0.062,-0.053,0.981,-3.21,-1.78,0
43.67,0.073,-0.074,0.989,-3.24,-1.5,0
43.83,0.058,-0.068,1.041,-3.26,-1.64,0
43.7,0.023,-0.045,0.986,-3.3,-1.77,0
43.58,0.027,-0.065,0.985,-3.23,-1.67,0
43.02,0.042,-0.081,1.009,-3.32,-1.87,0
43.78,0.026,-0.076,1.0,-3.22,-1.65,0
43.63,0.047,-0.041,1.006,-3.17,-1.61,0
43.19,0.033,-0.05,0.959,-3.14,-1.7,0
43.99,0.029,-0.055,0.998,-3.28,-1.68,0
43.92,0.046,-0.057,0.996,-3.2,-1.67,0
43.01,0.034,-0.028,1.002,-3.23,-1.63,0
43.72,0.043,-0.088,1.023,-3.22,-1.54,0
43.24,0.03,-0.103,1.002,-3.27,-1.76,0
43.21,0.003,-0.011,1.037,-3.14,-1.74,0
43.67,0.012,-0.077,1.008,-3.22,-1.7,0
43.49,0.013,-0.074,0.99,-3.16,-1.68,0
43.23,0.034,-0.044,1.031,-3.26,-1.72,0
43.27,0.011,-0.041,1.037,-3.28,-1.54,0
43.58,0.053,-0.091,1.012,-3.21,-1.79,0
43.55,0.049,-0.08,1.014,-3.25,-1.46,0
43.64,0.032,-0.063,0.99,-3.13,-1.56,0
43.35,0.034,-0.05,1.055,-3.3,-1.69,0
43.07,0.044,-0.063,0.983,-3.27,-1.64,0
43.6,0.003,-0.07,0.981,-3.03,-1.59,0
43.1,-0.022,-0.047,0.993,-3.17,-1.57,0
43.99,0.017,-0.061,0.992,-3.23,-1.65,0
43.09,0.033,-0.058,1.017,-3.24,-1.62,0
43.36,0.036,-0.095,1.014,-3.29,-1.82,0
43.86,0.015,-0.056,1.012,-3.35,-1.6,0
43.69,0.039,-0.046,1.006,-3.31,-1.65,0
43.29,0.042,-0.056,0.992,-3.19,-1.55,0
43.02,0.052,-0.053,0.96,-3.49,-1.61,0
43.61,0.035,-0.058,1.01,-3.23,-1.45,0
43.47,0.027,-0.057,0.983,-3.18,-1.49,0
43.86,0.011,-0.069,1.0,-3.18,-1.66,0
43.31,0.036,-0.028,0.998,-3.4,-1.71,0
43.45,0.05,-0.03,0.988,-3.4,-1.63,0
43.1,0.053,-0.065,0.965,-3.34,-1.72,0
43.14,0.032,-0.082,0.968,-3.19,-1.63,0
43.94,0.046,-0.054,1.017,-3.09,-1.58,0
43.39,0.008,-0.04,1.011,-3.47,-1.61,0
43.93,0.051,-0.058,0.977,-3.16,-1.7,0
43.63,0.047,-0.04,0.972,-3.07,-1.63,0
43.41,0.037,-0.049,0.969,-3.27,-1.5,0
43.11,0.011,-0.048,1.005,-3.33,-1.64,0
43.24,0.049,-0.071,1.015,-3.16,-1.65,0
43.05,0.051,-0.064,1.032,-3.27,-1.63,0
43.07,0.037,-0.067,1.008,-3.17,-1.9,0
43.55,0.032,-0.038,1.027,-3.32,-1.69,0
43.19,-0.002,-0.076,0.969,-3.35,-1.69,0
43.2,0.062,-0.067,0.979,-3.38,-1.45,0
43.38,0.024,-0.046,0.992,-3.08,-1.73,0
43.81,0.04,-0.051,0.977,-3.26,-1.67,0
43.45,0.085,-0.026,1.009,-3.24,-1.62,0
43.93,0.03,-0.083,0.993,-3.32,-1.62,0
43.79,0.057,-0.037,0.978,-3.22,-1.55,0
43.61,0.05,-0.07,0.988,-3.24,-1.54,0
43.35,0.01,-0.039,0.956,-3.33,-1.76,0
43.23,0.034,-0.039,1.017,-3.2,-1.7,0
43.59,0.025,-0.08,1.061,-3.16,-1.62,0
43.62,0.088,-0.074,1.014,-3.21,-1.63,0
43.24,-0.001,-0.049,0.988,-3.14,-1.69,0
43.08,0.038,-0.035,0.987,-3.28,-1.5,0
43.91,0.037,-0.042,0.998,-3.32,-1.78,0
43.69,0.027,-0.087,1.003,-3.34,-1.72,0
43.07,0.013,-0.08,1.02,-3.31,-1.55,0
43.56,0.009,-0.063,0.947,-3.3,-1.65,0
43.85,0.063,-0.069,0.993,-3.26,-1.69,0
43.32,0.03,-0.071,1.002,-3.38,-1.77,0
43.53,-0.008,-0.051,1.01,-3.15,-1.6,0
43.18,0.028,-0.086,1.014,-3.22,-1.55,0
43.3,0.093,-0.09,1.022,-3.34,-1.57,0
43.17,0.068,-0.079,0.989,-3.31,-1.62,0
43.33,0.0,-0.057,1.002,-3.3,-1.69,0
43.38,0.033,-0.025,1.015,-3.34,-1.58,0
43.98,-0.014,-0.062,0.983,-3.14,-1.85,0
43.16,0.055,-0.06,0.985,-3.35,-1.72,0
43.7,0.052,-0.056,1.027,-3.21,-1.67,0
43.5,0.012,-0.094,0.983,-3.33,-1.61,0
43.75,0.049,-0.065,0.998,-3.14,-1.59,0
43.65,0.055,-0.066,0.997,-3.19,-1.7,0
43.27,0.07,-0.08,1.015,-3.34,-1.64,0
43.8,0.06,-0.045,0.99,-3.31,-1.65,0
43.65,0.043,-0.043,0.997,-3.3,-1.68,0
43.36,0.006,-0.049,0.994,-3.32,-1.7,0
43.89,-0.002,-0.076,0.961,-3.35,-1.77,0
43.52,-0.014,-0.061,1.011,-3.24,-1.71,0
43.42,0.034,-0.013,0.964,-3.32,-1.52,0
43.9,0.041,-0.083,0.978,-3.38,-1.65,0
43.31,0.047,-0.091,1.003,-3.41,-1.67,0
43.99,0.036,-0.071,0.992,-3.14,-1.91,0
43.22,0.046,-0.089,1.019,-3.17,-1.67,0
43.69,0.043,-0.061,0.983,-3.2,-1.75,0
43.92,0.023,-0.059,1.019,-3.27,-1.69,0
43.15,0.056,-0.056,1.022,-3.28,-1.68,0
43.41,0.048,-0.033,0.993,-3.2,-1.62,0
43.79,0.027,-0.076,1.019,-3.31,-1.71,0
43.11,0.01,-0.092,0.994,-3.07,-1.5,0
43.2,0.008,-0.048,0.959,-3.22,-1.5,0
43.5,0.005,-0.07,1.008,-3.18,-1.76,0
43.86,0.023,-0.061,1.001,-3.28,-1.37,0
43.77,0.065,-0.04,0.983,-3.33,-1.77,0
43.27,0.038,-0.082,1.023,-3.22,-1.58,0
43.18,0.066,-0.017,1.005,-3.24,-1.59,0
43.8,0.026,-0.051,0.974,-3.22,-1.67,0
43.65,0.07,-0.096,1.025,-3.18,-1.82,0
43.76,0.028,-0.083,0.988,-3.22,-1.66,0
43.72,0.053,-0.111,0.994,-3.2,-1.67,0
43.01,0.059,-0.059,0.966,-3.09,-1.64,0
43.93,0.009,-0.068,0.993,-3.36,-1.75,0
43.65,0.043,-0.083,0.994,-3.41,-1.62,0
43.95,0.034,-0.034,1.004,-3.47,-1.64,0
43.4,0.021,-0.07,0.989,-3.35,-1.66,0
43.67,0.041,-0.02,0.987,-3.23,-1.59,0
43.82,0.016,-0.07,1.013,-3.22,-1.85,0
43.09,0.012,-0.073,0.999,-3.13,-1.87,0
43.2,0.016,-0.055,1.008,-3.19,-1.72,0
43.43,0.028,-0.056,1.002,-3.24,-1.73,0
43.05,-0.023,-0.071,0.947,-3.25,-1.76,0
43.53,0.004,-0.034,1.011,-3.1,-1.69,0
43.76,0.024,-0.063,1.024,-3.24,-1.73,0
43.87,0.037,-0.036,0.976,-3.27,-1.57,0
43.03,0.034,-0.026,0.962,-3.19,-1.6,0
43.52,0.034,-0.032,1.031,-3.27,-1.75,0
43.06,0.023,-0.07,0.997,-3.35,-1.52,0
43.32,0.053,-0.042,1.006,-3.39,-1.72,0
43.38,0.052,-0.042,1.028,-3.29,-1.74,0
43.97,0.018,-0.075,0.988,-3.3,-1.74,0
43.3,0.068,-0.036,1.013,-3.16,-1.53,0
43.44,-0.119,0.129,1.057,-2.13,-0.55,0
43.71,-0.022,0.104,1.054,-2.42,-2.24,0
43.89,0.303,-0.116,1.005,-2.08,-2.55,0
43.63,0.136,-0.142,0.934,-2.7,-2.1,0
43.11,0.207,-0.011,1.209,-2.0,-1.96,0
43.85,0.091,0.035,1.157,-1.23,-3.07,0
43.15,0.194,-0.049,1.129,1.28,-2.07,0
43.2,0.278,-0.034,1.331,0.63,-4.3,0
43.28,0.402,-0.115,1.186,0.53,-2.26,0
43.41,0.179,-0.094,1.217,0.12,-2.08,0
43.22,0.165,-0.203,1.235,1.6,-1.25,0
43.61,0.107,-0.104,1.259,0.13,-2.53,0
43.6,0.576,-0.158,1.331,0.65,-2.75,0
43.16,0.255,-0.052,1.374,1.41,-3.04,0
43.82,0.317,-0.068,1.183,3.63,-1.9,0
43.08,0.304,0.051,1.26,2.32,-3.51,0
43.03,0.357,-0.184,1.38,1.81,-0.81,0
43.48,0.294,-0.058,1.364,0.84,-2.15,0
43.91,0.24,0.04,1.293,1.78,-2.46,0
43.15,0.359,0.12,1.266,2.14,-0.54,0
43.58,0.194,-0.029,1.088,0.51,-0.41,0
43.33,0.293,-0.301,1.306,0.2,-2.23,0
43.25,0.242,-0.056,1.219,0.45,-0.51,0
43.43,0.327,-0.185,1.236,1.74,-3.18,0
43.68,-0.146,-0.055,1.152,-1.3,-1.63,0
43.86,0.084,0.022,1.081,-1.41,-2.64,0
43.91,0.154,-0.035,1.155,-0.04,-0.93,0
43.36,0.314,-0.133,1.121,-1.47,-0.64,0
43.38,0.062,-0.218,1.005,-1.01,-2.74,0
43.65,0.176,0.072,1.09,-3.48,-1.47,0
43.03,0.291,-0.049,0.927,-1.5,-2.31,0
43.26,-0.127,-0.046,0.97,-3.25,-2.3,0
43.35,0.031,-0.133,1.024,-5.83,-1.96,0
43.59,0.111,-0.035,0.992,-5.87,-0.22,0
43.23,-0.07,0.088,1.164,-5.32,-0.81,0
43.84,-0.018,0.074,0.737,-4.46,0.78,0
43.64,-0.086,-0.148,0.792,-5.24,-1.88,0
43.08,-0.218,-0.112,0.782,-4.38,-2.53,0
43.24,-0.282,0.117,0.892,-8.89,-0.86,0
43.39,-0.019,0.046,0.635,-7.29,-0.92,0
43.82,-0.077,0.07,0.763,-8.2,-1.16,0
43.64,-0.269,-0.033,0.77,-7.4,-1.62,0
43.9,-0.207,0.01,0.668,-5.92,-2.13,0
43.44,-0.198,-0.079,0.64,-8.62,-3.16,0
43.6,-0.227,0.025,0.861,-7.73,0.22,0
43.42,-0.233,-0.159,0.705,-6.69,-1.47,0
43.33,-0.259,0.043,0.74,-7.89,-2.62,0
43.55,-0.278,-0.055,0.841,-8.07,-2.71,0
43.34,-0.3,-0.123,0.799,-8.56,-2.25,0
43.27,-0.255,-0.037,0.67,-9.47,-2.58,0
43.68,-0.379,0.058,0.722,-5.54,-1.5,0
43.91,-0.381,0.005,0.739,-7.99,-0.46,0
43.86,-0.381,0.008,0.815,-6.94,-1.94,0
43.33,-0.3,-0.008,0.746,-6.81,-1.74,0
43.7,-0.13,-0.008,0.737,-2.69,-1.84,0
43.78,-0.02,-0.19,0.763,-7.17,0.13,0
43.14,-0.114,-0.087,0.971,-6.28,-1.67,0
43.45,-0.111,0.001,0.916,-5.52,-0.65,0
43.73,-0.19,-0.028,0.927,-5.1,-2.94,0
43.64,-0.099,-0.178,0.783,-6.02,-2.6,0
43.64,0.157,0.026,0.948,-4.29,-0.78,0
43.37,-0.093,0.021,0.955,-3.78,-1.06,0
43.19,-0.01,-0.17,1.051,-2.69,-1.36,0
43.54,0.16,-0.064,1.17,-3.08,-1.92,0
43.53,0.064,-0.133,1.244,-2.54,-0.59,0
43.38,0.113,-0.138,1.099,-1.74,-2.44,0
43.73,0.329,-0.107,1.159,-0.89,-0.28,0
43.64,0.409,-0.105,1.242,-1.67,-2.07,0
43.37,0.12,0.063,1.196,-1.82,-1.32,0
43.43,0.245,0.027,1.099,0.33,-1.84,0
43.6,0.38,-0.122,1.122,0.26,-2.49,0
43.2,0.1,-0.064,1.303,1.28,-1.29,0
43.62,0.373,-0.035,1.282,1.31,-0.81,0
43.27,0.241,-0.216,1.163,1.72,-1.26,0
43.85,0.361,-0.015,1.326,0.68,-2.95,0
43.59,0.191,-0.105,1.231,1.96,-3.67,0
43.83,0.329,0.154,1.387,-0.21,-0.88,0
43.99,0.308,-0.163,1.21,3.35,-2.02,0
43.52,0.386,-0.095,1.246,1.41,-2.48,0
43.25,0.103,0.01,1.37,2.62,-2.51,0
43.15,0.591,-0.009,1.281,1.42,-1.0,0
43.57,0.214,-0.09,1.253,1.72,-3.02,0
43.43,0.231,-0.162,1.298,1.47,-0.88,0
43.65,0.457,0.009,1.318,0.62,-0.6,0
43.66,0.336,0.223,1.183,-0.13,0.22,0
43.34,0.226,-0.233,1.235,2.01,-3.45,0
43.35,0.331,-0.149,1.076,-0.66,-2.74,0
43.72,0.043,-0.073,1.32,-0.25,-2.19,0
43.92,0.265,-0.115,1.309,-0.39,-1.05,0
43.5,0.205,0.062,1.304,-1.27,-1.53,0
43.71,0.107,-0.007,1.131,-2.56,-0.38,0
43.1,0.237,-0.067,1.114,-2.35,-2.69,0
43.56,-0.073,-0.197,0.776,-1.35,-1.84,0
43.34,-0.016,-0.126,1.075,-2.21,-2.15,0
43.16,-0.115,-0.012,1.009,-3.2,-1.94,0
43.93,0.021,-0.116,0.611,-4.85,-3.01,0
43.0,-0.109,0.049,1.007,-4.45,-0.66,0
43.9,0.036,-0.16,0.813,-6.26,0.53,0
43.12,-0.136,-0.274,0.877,-3.96,-1.43,0
43.56,-0.236,-0.202,0.768,-6.88,-2.9,0
43.17,-0.102,0.232,0.919,-8.28,0.15,0
43.03,-0.3,-0.028,0.722,-7.3,-2.25,0
43.34,-0.314,0.157,0.747,-6.51,-1.14,0
43.2,-0.363,-0.047,0.553,-8.86,-0.64,0
43.33,-0.35,-0.243,0.74,-9.35,-0.62,0
43.22,-0.268,-0.231,0.634,-7.75,-0.02,0
43.69,-0.328,-0.132,0.851,-6.04,-1.02,0
43.31,-0.285,0.025,0.541,-9.12,0.04,0
43.91,-0.451,-0.013,0.596,-7.57,-2.67,0
43.87,-0.213,0.104,0.646,-7.75,-1.29,0
43.6,-0.342,0.006,0.699,-8.79,-1.38,0
43.75,-0.065,-0.207,0.686,-7.03,-1.72,0
43.59,-0.325,-0.091,0.923,-6.25,-4.02,0
43.04,-0.124,-0.195,0.645,-7.41,-1.36,0
43.85,-0.11,-0.188,0.779,-7.52,-1.5,0
43.43,-0.083,-0.062,0.597,-7.22,-2.9,0
43.52,-0.09,0.176,0.732,-7.4,-0.95,0
43.21,-0.104,0.047,0.74,-6.34,-0.15,0
43.21,-0.022,0.082,0.755,-7.2,-1.85,0
43.24,-0.003,-0.268,0.983,-5.75,-2.73,0
43.64,0.0,-0.12,0.77,-5.12,-2.73,0
43.87,-0.249,-0.073,0.684,-3.65,-2.29,0
43.84,-0.204,-0.251,0.921,-3.66,-1.78,0
43.7,-0.189,-0.017,1.092,-4.54,-0.55,0
43.71,0.126,-0.186,1.031,-3.57,-1.75,0
43.65,-0.054,-0.246,0.919,-4.45,-3.1,0
43.14,0.011,-0.12,1.17,-3.67,-1.58,0
43.39,0.015,-0.158,1.168,-2.91,-1.86,0
43.07,0.156,-0.128,1.19,-1.29,-3.1,0
43.59,0.233,-0.055,1.194,-1.36,-3.23,0
43.3,0.022,-0.16,1.113,-1.72,-0.71,0
43.79,0.18,-0.028,1.079,0.39,-1.41,0
43.33,0.115,-0.069,1.066,0.67,-3.9,0
43.39,0.209,-0.113,1.111,1.37,-1.88,0
44.0,0.19,0.077,1.237,0.1,-1.27,0
43.88,0.183,-0.027,1.197,2.13,-0.04,0
43.79,0.325,-0.045,1.008,2.34,-2.63,0
43.9,0.312,-0.029,1.312,2.0,-2.48,0
43.98,0.383,-0.05,1.307,2.01,-0.74,0
43.4,0.35,-0.006,1.404,2.7,-2.37,0
43.72,0.318,0.055,1.376,0.77,-0.76,0
43.16,0.219,0.02,1.113,0.94,-1.54,0
43.52,0.371,-0.022,1.469,1.78,-1.9,0
43.13,0.349,-0.1,1.344,2.79,-2.06,0
43.34,0.113,-0.066,1.022,-0.9,-1.93,0
43.35,0.276,0.01,1.224,1.08,-1.07,0
43.44,0.358,-0.088,1.172,1.61,-1.32,0
43.59,0.429,-0.115,1.355,0.73,-1.11,0
43.85,0.226,0.076,1.14,-0.84,-1.75,0
43.53,0.159,-0.224,1.268,-0.97,-3.27,0
43.66,0.101,-0.107,1.183,-1.11,-3.42,0
43.55,0.246,-0.04,1.176,0.32,-2.44,0
43.34,0.088,-0.013,1.081,-0.27,-3.12,0
43.01,-0.115,0.022,1.251,-2.45,-2.19,0
43.4,-0.008,-0.06,1.035,-2.57,-0.67,0
43.12,-0.017,-0.043,0.908,-3.37,-1.41,0
43.5,0.162,-0.064,0.78,-3.4,-1.51,0
43.11,0.016,-0.16,1.046,-3.6,0.62,0
43.99,0.129,0.004,0.942,-4.26,-0.06,0
43.53,-0.143,-0.164,0.909,-4.88,-1.39,0
43.54,-0.108,0.012,0.883,-5.34,-0.64,0
43.43,-0.169,0.072,0.869,-4.87,-1.67,0
43.53,0.122,0.016,0.777,-4.84,-0.88,0
43.24,-0.223,-0.033,0.712,-5.42,-1.42,0
43.18,-0.147,0.043,0.672,-7.49,-2.61,0
43.53,-0.071,0.03,0.776,-7.28,-3.54,0
43.04,-0.418,-0.162,0.794,-7.74,-1.1,0
43.27,-0.274,-0.097,0.727,-8.98,-1.08,0
43.87,-0.259,-0.084,0.814,-9.5,-2.81,0
43.33,-0.119,-0.096,0.649,-7.94,-2.19,0
43.26,-0.27,-0.02,0.671,-6.44,-2.05,0
43.55,-0.361,-0.181,0.669,-8.33,-2.64,0
43.75,-0.266,0.025,0.636,-8.85,-2.51,0
43.06,-0.16,-0.157,0.834,-7.57,-2.82,0
43.44,0.094,0.016,0.641,-7.39,-0.99,0
43.7,-0.164,0.015,0.758,-7.32,-2.01,0
43.66,-0.295,-0.054,0.529,-9.09,-1.0,0
43.93,-0.292,-0.1,0.694,-7.26,-1.6,0
43.35,-0.237,-0.095,0.825,-6.57,-0.74,0
43.62,-0.201,-0.091,0.681,-6.4,-0.72,0
43.51,-0.327,0.005,0.713,-6.56,-1.84,0
43.74,-0.172,-0.113,0.85,-7.36,-1.72,0
43.61,0.088,-0.127,0.842,-5.62,-2.77,0
43.49,-0.147,0.102,0.826,-5.73,-2.27,0
43.52,-0.104,-0.226,0.866,-5.71,-0.97,0
43.32,0.015,-0.104,1.098,-4.0,-1.04,0
43.53,-0.011,-0.152,0.934,-3.47,-2.49,0
43.44,0.081,-0.159,0.9,-3.73,-1.12,0
43.41,0.091,0.052,0.888,-4.06,-3.14,0
43.52,0.046,-0.26,1.053,-2.02,-0.68,0
43.24,0.149,-0.079,1.267,-3.05,1.11,0
43.76,0.022,0.011,1.184,-0.95,-2.52,0
43.67,0.124,-0.053,1.234,-0.74,-0.69,0
43.52,0.236,-0.028,1.256,-2.39,-2.8,0
43.89,0.081,0.204,1.108,-0.67,-2.26,0
43.13,0.292,-0.25,1.141,0.19,-2.7,0
43.28,0.152,-0.073,1.162,-0.78,-0.37,0
43.88,0.34,-0.05,1.191,0.16,-1.09,0
43.34,0.416,-0.067,1.308,2.71,-2.15,0
43.44,0.158,-0.007,1.15,2.09,-1.05,0
43.14,0.224,-0.194,1.349,1.31,-2.64,0
43.34,0.257,-0.087,1.565,0.81,-1.93,0
43.39,0.306,-0.091,1.26,0.94,-3.22,0
43.46,0.379,-0.118,1.409,2.22,-2.53,0
43.26,0.392,-0.079,1.472,2.4,-0.55,0
43.79,0.309,-0.188,1.272,0.45,-2.51,0
43.56,0.184,0.047,1.278,1.83,-1.42,0
43.59,0.434,-0.097,1.16,3.65,-2.35,0
43.78,0.381,-0.021,1.224,2.6,-3.25,0
43.8,0.108,0.028,1.291,1.62,-0.32,0
43.87,0.013,-0.075,1.386,-0.13,0.14,0
43.5,0.296,0.05,1.08,-0.51,-1.59,0
43.46,0.149,-0.163,1.23,1.47,-2.96,0
43.39,0.139,-0.042,1.107,-0.94,-1.28,0
43.36,0.073,-0.244,1.128,-1.15,-1.59,0
43.92,0.194,-0.221,1.155,-1.72,-3.37,0
43.23,0.166,-0.059,1.173,-1.95,0.53,0
43.87,-0.024,-0.193,1.061,-1.66,-1.85,0
43.28,0.001,0.027,0.973,-2.31,-3.17,0
43.47,0.037,-0.045,1.07,-3.52,-0.35,0
43.68,0.223,-0.148,1.08,-5.4,-1.5,0
43.82,0.085,-0.043,0.989,-3.44,-2.89,0
43.59,-0.041,0.021,0.938,-4.76,-2.12,0
43.52,-0.026,-0.269,1.08,-3.76,-1.83,0
43.84,-0.011,-0.027,0.839,-4.51,-3.12,0
43.11,-0.402,-0.145,0.826,-6.53,-2.44,0
43.57,-0.158,-0.118,0.822,-5.79,-3.91,0
43.46,-0.137,0.093,0.659,-5.52,0.8,0
43.22,-0.179,-0.033,0.86,-7.21,-1.8,0
43.97,-0.17,-0.079,0.752,-7.39,-2.66,0
43.76,-0.202,-0.159,0.716,-5.8,-3.13,0
43.84,-0.119,-0.071,0.762,-7.89,-3.04,0
43.45,-0.316,0.006,0.71,-7.74,-1.96,0
43.14,-0.198,-0.073,0.756,-8.01,-1.32,0
43.09,-0.356,0.032,0.79,-6.58,-2.45,0
43.83,-0.297,-0.053,0.584,-8.74,-1.27,0
43.23,-0.342,-0.012,0.701,-9.82,-2.79,0
43.9,-0.226,-0.101,0.751,-9.77,-3.06,0
43.74,-0.177,-0.169,0.897,-7.0,-1.1,0
43.29,-0.282,0.103,0.649,-8.78,0.51,0
44.0,-0.312,0.005,0.707,-6.81,-1.65,0
43.53,-0.429,0.012,0.796,-6.55,-1.63,0
43.27,-0.184,0.003,0.689,-8.79,-1.47,0
43.72,-0.009,0.112,0.852,-7.45,-1.85,0
43.37,0.075,0.058,0.785,-6.95,-1.48,0
43.49,-0.123,-0.067,0.753,-7.08,-1.69,0
43.11,-0.048,0.092,0.839,-3.7,-0.33,0
43.94,-0.189,-0.3,0.795,-4.78,-3.26,0
43.33,-0.019,-0.069,0.959,-4.71,-1.87,0
43.08,0.04,-0.034,1.068,-5.58,-2.35,0
43.89,-0.101,0.037,0.906,-2.68,-2.29,0
43.46,0.119,-0.027,0.932,-4.12,-1.01,0
43.62,0.15,0.004,1.245,-1.6,-3.08,0
43.97,0.143,0.029,1.148,-0.79,-1.55,0
43.58,0.003,-0.102,1.113,-2.16,-1.43,0
43.39,0.267,-0.102,1.126,0.71,-1.57,0
43.41,0.155,0.033,1.101,-0.31,-0.83,0
43.0,0.209,0.133,1.308,-0.14,0.58,0
43.36,0.142,-0.091,1.27,-0.32,-1.52,0
43.13,0.34,0.112,1.277,0.56,-1.47,0
43.17,0.313,-0.093,1.295,1.89,-2.92,0
43.72,0.189,0.057,1.292,-0.32,-1.47,0
43.54,0.328,-0.067,1.301,0.7,-3.54,0
43.81,0.416,0.07,1.149,1.77,-2.0,0
43.36,0.448,-0.14,1.214,1.29,-2.55,0
43.23,0.359,-0.054,1.272,0.95,-0.55,0
43.27,0.386,0.092,1.162,1.86,-1.94,0
44.0,0.36,-0.351,1.398,0.7,-1.91,0
43.56,0.028,-0.264,1.19,2.32,-3.71,0
43.42,0.295,-0.014,1.166,1.46,-1.29,0
43.9,0.283,-0.172,1.263,1.05,-1.54,0
43.48,0.303,-0.001,1.404,1.35,-0.42,0
43.11,0.297,0.017,1.378,1.06,-3.01,0
43.59,0.292,0.119,1.152,0.27,-0.39,0
43.61,0.332,0.044,1.386,0.28,-2.32,0
43.22,0.143,-0.078,1.401,0.41,-0.97,0
43.07,0.337,-0.088,1.159,-0.65,0.58,0
43.65,0.218,0.077,0.936,-0.03,-2.17,0
43.85,0.352,-0.025,0.969,-1.52,-3.24,0
43.77,0.188,-0.065,1.182,-2.17,-1.49,0
43.99,0.156,-0.135,0.973,-0.95,-0.64,0
43.57,0.149,0.07,1.045,-2.06,-0.9,0
43.71,-0.126,-0.178,0.948,-3.25,-3.55,0
43.3,0.027,0.047,1.029,-2.76,-2.08,0
43.55,0.071,-0.176,0.714,-3.8,-0.53,0
43.28,-0.076,-0.022,0.8,-4.44,-2.33,0
43.95,0.091,-0.163,1.019,-7.55,-1.61,0
43.23,-0.097,0.062,0.891,-6.45,-2.91,0
43.75,-0.127,-0.142,0.623,-6.57,-1.28,0
43.38,-0.242,0.046,0.85,-4.64,-2.31,0
43.45,-0.127,0.054,0.821,-7.83,-0.95,0
43.39,-0.36,-0.071,0.754,-7.17,-0.99,0
43.23,-0.282,-0.094,0.786,-6.39,-1.83,0
43.06,-0.139,-0.208,0.865,-9.03,-0.43,0
43.73,-0.209,0.063,0.592,-7.38,-1.18,0
43.97,-0.243,-0.019,0.736,-9.05,-2.72,0
43.87,-0.129,-0.078,0.718,-9.12,-3.76,0
43.62,-0.24,-0.108,0.766,-9.3,-2.12,0
43.19,-0.399,0.028,0.699,-7.67,-2.76,0
43.72,-0.245,-0.181,0.515,-7.43,-2.07,0
43.3,-0.203,-0.195,0.847,-7.6,-1.44,0
43.11,-0.382,0.008,0.796,-8.92,-0.16,0
43.55,-0.244,0.062,0.669,-8.52,-0.93,0
43.18,-0.223,-0.035,0.811,-7.11,-2.15,0
43.96,-0.138,0.017,0.784,-4.88,-3.12,0
43.17,-0.354,0.079,0.784,-6.81,0.13,0
43.9,-0.272,-0.226,0.856,-6.57,-0.65,0
43.24,-0.177,-0.101,0.844,-6.51,-1.65,0
43.7,-0.253,-0.061,0.857,-7.3,-1.53,0
43.64,0.066,-0.047,0.915,-4.87,-2.45,0
43.89,-0.198,-0.048,0.969,-5.8,-0.59,0
43.81,0.132,-0.204,1.027,-5.04,-1.07,0
43.27,0.077,-0.011,0.898,-4.11,-1.31,0
43.03,0.091,-0.134,0.767,-2.52,-1.31,0
43.76,-0.025,-0.101,1.161,-2.13,-2.98,0
43.43,0.015,-0.114,0.872,-2.53,-2.12,0
43.49,0.033,-0.03,1.281,-1.04,-3.26,0
43.61,0.206,-0.037,1.079,-1.64,-2.34,0
43.28,-0.058,-0.153,1.213,-0.76,-2.08,0
43.61,0.275,-0.056,1.348,-0.28,-0.16,0
43.79,0.349,0.059,1.149,0.01,-3.32,0
43.91,0.056,0.073,1.288,-0.55,0.26,0
43.98,0.337,0.04,1.203,0.68,-1.14,0
43.79,0.381,0.03,1.272,-0.18,0.17,0
43.38,0.2,-0.26,1.425,2.9,-2.7,0
43.33,0.349,0.012,1.321,1.56,-2.57,0
43.04,0.41,0.09,1.213,-0.78,-2.45,0
43.84,0.216,-0.076,1.192,1.91,-2.85,0
43.79,0.464,-0.054,1.228,1.1,-2.42,0
43.88,0.347,-0.133,1.428,3.5,-1.73,0
43.44,0.497,-0.001,1.315,2.02,-2.93,0
43.9,0.38,-0.088,1.312,0.74,-1.4,0
43.24,0.372,0.02,1.428,0.45,-2.98,0
43.44,0.506,-0.03,1.192,2.72,-0.71,0
43.32,0.375,-0.183,1.235,1.11,-2.56,0
43.76,0.183,0.038,1.324,0.65,-1.51,0
43.68,0.168,0.021,1.374,1.64,-0.71,0
43.83,0.173,-0.101,1.162,0.47,-3.68,0
43.11,0.122,-0.187,1.187,0.93,-3.1,0
43.09,0.27,-0.178,0.922,-0.36,-1.56,0
43.89,0.145,-0.074,1.326,-0.58,-3.17,0
43.7,-0.005,0.083,1.049,-1.28,-1.79,0
43.22,0.057,-0.207,1.183,-2.41,-0.92,0
43.03,0.072,0.158,1.007,-3.8,-1.51,0
43.04,-0.08,-0.142,1.007,-3.42,-0.62,0
43.29,0.091,-0.121,1.007,-5.05,-3.0,0
43.58,0.001,-0.024,0.767,-3.81,-0.46,0
43.58,-0.081,-0.067,1.04,-2.61,-3.55,0
43.0,0.157,0.094,1.008,-5.19,-1.84,0
43.31,-0.025,-0.233,0.955,-4.93,0.56,0
43.86,-0.072,-0.065,0.893,-6.49,-1.19,0
43.99,-0.199,-0.083,0.768,-6.17,-0.68,0
43.91,-0.084,-0.08,0.854,-6.65,-2.57,0
43.14,-0.196,0.006,0.869,-7.13,-2.76,0
43.08,-0.117,-0.029,0.844,-7.64,-0.99,0
43.24,-0.289,-0.074,0.916,-6.72,-0.21,0
43.36,-0.171,-0.115,0.695,-8.23,-1.07,0
43.18,-0.298,-0.023,0.713,-7.21,-0.62,0
43.75,-0.163,0.002,0.762,-7.84,-1.21,0
43.84,-0.228,-0.154,0.629,-7.23,-1.01,0
43.55,-0.286,0.126,0.839,-7.12,-0.42,0
43.5,-0.349,0.034,0.59,-7.67,-0.19,0
43.64,-0.023,-0.073,0.688,-8.35,-1.45,0
43.87,-0.286,-0.12,0.668,-8.13,-1.8,0
43.75,-0.221,-0.113,0.643,-8.09,-2.15,0
43.22,-0.23,-0.021,0.842,-7.82,-4.91,0
43.76,-0.202,-0.132,0.781,-8.59,-1.96,0
43.44,-0.277,-0.123,0.547,-6.81,-1.4,0
43.41,-0.268,-0.019,0.774,-6.68,-1.77,0
43.4,-0.062,0.168,0.707,-7.13,-2.27,0
43.03,-0.299,-0.054,0.945,-5.67,-1.87,0
43.86,-0.337,0.061,0.904,-5.08,-2.47,0
43.66,-0.07,0.014,1.009,-5.01,-1.13,0
43.09,-0.06,-0.121,1.005,-6.79,-1.31,0
43.69,0.07,-0.057,0.91,-3.66,-0.45,0
43.37,0.085,0.011,0.932,-3.29,-2.51,0
43.06,0.063,0.014,0.667,-1.75,-1.15,0
43.45,0.249,-0.023,0.986,-3.11,-1.19,0
43.2,-0.005,-0.263,1.186,-2.07,-1.52,0
43.81,-0.002,-0.112,1.117,-1.45,-3.54,0
43.63,0.107,-0.086,1.207,0.1,-3.64,0
43.99,0.221,-0.066,1.007,-0.68,-2.51,0
43.86,0.219,-0.014,1.189,0.75,-0.63,0
43.45,0.124,-0.224,1.283,-0.72,-0.93,0
43.35,0.239,0.107,1.17,-0.81,0.15,0
43.29,0.4,-0.079,1.286,1.88,-2.9,0
43.43,0.406,0.013,1.195,1.75,-1.38,0
43.69,0.482,0.092,1.379,2.41,-1.77,0
43.93,0.359,-0.213,1.229,1.6,-2.71,0
43.05,0.169,-0.01,1.41,0.34,-0.87,0
43.75,0.462,-0.003,1.237,2.04,-2.28,0
43.62,0.214,0.039,1.318,1.53,-1.77,0
43.77,0.425,-0.163,1.296,2.26,-2.87,0
43.35,0.316,0.055,1.273,2.76,-1.95,0
43.25,0.445,-0.081,1.283,2.83,-2.23,0
43.34,0.354,-0.075,1.284,0.53,-2.19,0
43.65,0.377,-0.097,1.315,1.87,-1.32,0
43.65,0.363,-0.027,1.256,2.54,-0.5,0
43.25,0.2,-0.175,1.265,0.48,-3.67,0
43.49,0.209,0.049,1.21,-0.67,-2.25,0
43.85,0.314,-0.004,1.0,1.04,0.61,0
43.15,0.246,0.064,1.164,-2.23,-2.04,0
43.82,0.27,0.27,1.12,1.75,0.23,0
43.58,0.214,-0.202,1.331,-0.2,-2.17,0
43.54,0.26,-0.042,1.189,-0.25,-2.1,0
43.32,0.163,-0.057,0.995,-3.01,-2.17,0
43.76,0.102,0.091,0.976,-0.82,-2.21,0
43.28,0.064,-0.02,1.227,-3.69,-1.31,0
43.74,-0.006,-0.051,0.931,-4.32,-1.4,0
43.46,0.077,-0.059,1.132,-3.57,-2.4,0
43.69,-0.145,0.017,0.873,-5.19,-0.66,0
43.14,-0.053,-0.111,0.689,-5.9,-0.43,0
43.91,-0.228,-0.086,0.717,-4.67,-1.86,0
43.59,-0.241,0.01,0.945,-6.53,-1.37,0
43.92,-0.147,-0.145,0.902,-5.92,-2.44,0
43.61,-0.111,-0.025,0.957,-6.92,-0.38,0
43.33,-0.033,-0.001,0.8,-7.78,-1.81,0
43.89,0.002,-0.067,0.715,-9.01,-1.37,0
43.44,-0.25,-0.127,0.789,-8.04,-0.87,0
43.68,-0.246,0.107,0.768,-7.66,1.12,0
43.06,-0.26,-0.064,0.777,-7.59,-1.8,0
43.72,-0.139,-0.019,0.672,-9.74,-0.26,0
43.38,-0.237,0.001,0.654,-9.33,-1.21,0
43.46,-0.235,-0.112,0.958,-8.21,-1.83,0
43.92,-0.396,-0.173,0.505,-9.27,-1.51,0
43.94,-0.29,-0.05,0.659,-8.58,-2.95,0
43.7,-0.237,-0.105,0.611,-7.75,-1.11,0
43.28,-0.207,0.028,0.733,-7.22,-2.65,0
43.12,-0.207,-0.047,0.685,-6.35,-2.1,0
43.75,-0.243,-0.163,0.769,-5.39,-1.69,0
43.49,-0.15,0.125,0.861,-6.99,1.24,0
43.81,-0.278,-0.043,0.706,-6.5,-3.2,0
43.51,-0.039,0.009,0.821,-4.43,-0.45,0
43.12,-0.103,-0.174,0.732,-6.44,-0.74,0
43.01,-0.105,-0.02,0.718,-5.75,-2.42,0
43.99,-0.149,-0.078,0.927,-5.64,-1.97,0
43.69,0.039,0.055,0.863,-4.01,-3.05,0
43.91,-0.084,0.077,0.962,-4.34,-1.48,0
43.43,0.081,-0.05,0.805,-4.59,-0.98,0
43.08,0.011,-0.1,0.959,-3.4,0.61,0
43.54,0.098,-0.15,1.08,-3.38,-0.54,0
43.56,0.068,-0.103,0.965,-2.29,-1.27,0
43.78,0.151,0.176,1.076,0.75,-0.59,0
43.91,0.138,0.118,0.934,-1.63,-3.42,0
43.06,0.186,0.122,1.223,-1.02,-1.36,0
43.4,0.356,0.113,1.228,-0.48,-0.33,0
43.36,0.148,-0.089,1.194,0.07,-2.72,0
43.75,0.268,0.053,1.225,1.17,-0.86,0
43.23,0.42,-0.137,1.137,0.55,0.74,0
43.51,0.361,0.078,1.182,0.16,-1.54,0
43.23,0.297,-0.053,1.254,1.31,-1.78,0
43.75,0.372,0.042,1.324,2.06,-1.49,0
43.12,0.378,-0.092,1.273,1.07,-3.28,0
43.35,0.462,0.099,1.321,2.84,-3.51,0
43.39,0.301,-0.168,1.197,2.39,-2.03,0
43.46,0.437,-0.124,1.331,2.05,-0.38,0
43.86,0.214,-0.096,1.231,2.87,-1.85,0
43.23,0.362,-0.093,1.428,0.72,0.15,0
43.56,0.732,-0.159,1.235,0.1,-2.73,0
44.0,0.287,0.001,1.155,3.8,0.59,0
43.24,0.355,-0.081,1.307,0.45,-3.03,0
44.0,0.087,-0.114,1.112,0.98,-0.84,0
43.44,0.209,-0.062,1.19,0.58,-3.51,0
43.7,0.176,-0.087,1.281,-0.42,-0.94,0
43.12,0.332,-0.265,1.316,-0.66,-0.87,0
43.29,0.031,-0.069,1.029,-2.73,-3.75,0
43.5,0.055,0.01,1.18,-0.35,-0.63,0
43.53,0.106,-0.087,0.929,-2.16,-2.49,0
43.95,0.189,0.056,1.01,-2.53,-0.94,0
43.51,0.096,0.0,0.958,-2.61,-3.71,0
43.89,-0.075,-0.091,0.964,-3.14,-2.23,0
43.68,-0.131,0.014,0.999,-4.43,-1.28,0
43.55,-0.091,-0.216,1.103,-4.65,-0.72,0
43.1,0.012,0.011,0.827,-4.5,-1.61,0
43.9,-0.052,-0.257,0.93,-4.13,-1.95,0
43.11,-0.138,-0.034,0.686,-4.87,-0.89,0
43.22,-0.135,0.118,0.941,-5.0,-2.19,0
43.06,-0.183,-0.005,0.796,-6.51,0.03,0
43.33,-0.153,-0.148,0.833,-5.88,-3.54,0
43.26,-0.305,0.023,0.859,-8.0,-1.44,0
43.06,-0.208,-0.073,0.866,-8.25,-2.17,0
43.84,-0.193,0.107,0.636,-6.5,-1.33,0
43.56,-0.236,-0.004,0.65,-8.41,-0.37,0
43.99,-0.235,-0.05,0.833,-7.47,-3.93,0
43.76,-0.315,0.077,0.772,-8.11,0.05,0
43.73,-0.253,-0.139,0.632,-7.95,-4.66,0
43.81,-0.286,-0.155,0.706,-9.75,-1.99,0
43.45,-0.204,-0.099,0.502,-6.83,-2.67,0
43.36,-0.325,0.031,0.738,-9.27,-2.16,0
43.65,-0.402,-0.109,0.571,-7.99,-1.51,0
43.44,-0.223,-0.043,0.72,-7.32,-1.64,0
43.87,-0.137,-0.208,0.701,-7.8,-2.0,0
43.34,-0.236,0.012,0.81,-8.51,-1.27,0
43.79,-0.173,0.033,0.755,-8.54,-1.26,0
43.88,-0.3,0.021,0.883,-7.13,-1.44,0
43.87,-0.125,-0.101,0.919,-6.19,-1.54,0
43.96,-0.099,-0.129,0.836,-4.86,0.1,0
43.3,-0.114,-0.014,0.949,-4.06,-0.62,0
43.76,-0.126,-0.027,0.894,-3.77,-1.12,0
43.94,-0.135,0.085,0.747,-4.26,-1.43,0
43.5,0.20328925490730915,0.3851831015915536,1.0535078504236028,-4.261300700880635,-6.388254551000145,1
43.5,0.0332231404068395,0.004663621993209594,0.8763852602347675,-8.157729248663074,8.695232468637087,1
43.5,0.09237664310968086,-0.2610505393765522,1.0673672343776555,-0.7139341216943187,6.137592671326313,1
43.5,0.1274787137989382,0.26132336953284135,1.365588683791439,8.696575534747307,-9.85144500082928,1
43.5,0.16606463457971807,-0.0012407374495057577,1.0688194588332662,2.319133260579445,2.3680159218056964,1
43.5,-0.03094550792410137,-0.22149053110324265,0.7251985009430022,-3.426225476953375,-1.2301741135884399,1
43.5,-0.24662834155943072,-0.014867302090636593,1.040238586454611,-9.758468230707265,0.7133064927173098,1
43.5,0.20882430324043832,0.08771784134716237,1.1584628529143302,-9.827790261041478,6.139692173471687,1
43.5,0.318767685065603,-0.05372183066640536,0.689496535821548,8.683728124342288,-3.7812648926434083,1
43.5,-0.09383619135548159,0.04858278904656023,0.9804525885726262,0.07428406025164236,6.242346036281607,1
43.5,-0.03481099233760359,-0.025582144211257485,-0.0399238523559939,38.78292582228402,38.055875238609566,1
43.5,0.011499508752810313,-0.048261314260850466,0.029183593277457582,47.97406893580927,44.825403480655744,1
43.5,0.051471761148242014,0.044036203766573294,-0.04307949544542081,52.08590242232632,42.487526660610925,1
43.5,0.08694144782588996,0.03449551605184427,-0.004725593111231268,42.20895268089535,47.68478953678778,1
43.5,-0.007884930431618727,0.06215525711428921,-0.06756824212299567,48.733436232673654,59.0974147094355,1
43.5,4.0801560319770465,0.20559236402018632,-0.8007445958900576,75.8612819576278,7.155081863458004,1
43.5,3.420171712203958,0.5601881047733525,0.5713397255847006,79.19033507342738,19.00511282835401,1
43.5,3.3587287866686104,-0.1868505986825726,-0.7145983457343698,86.78142114000829,12.046564957169107,1
43.5,1.0221246501360877,0.0005687503670452109,0.024065228208796228,88.00982385020505,0.044975778525372316,1
43.5,1.0005194388785406,-0.02308882297716269,0.023057445254663526,88.0044825471404,0.015749270506964754,1
43.5,0.9775063552996421,0.01783646718486943,-0.02353057078207499,88.01987172693518,-0.010206492851053286,1
43.5,1.0027326074072977,-0.045933471925637875,0.0007904410426344155,88.00532559886118,-0.02118024103207541,1
43.5,0.9864542548436527,-0.03990733135495215,0.018978438093563973,88.0046803373811,-0.024706729805024828,1
43.5,0.993373697686084,-0.04678811513005787,-0.012594444924910091,87.96797573557932,-0.04245259331250988,1
43.5,0.9663557684051641,0.010081921653523056,0.02833973737796947,87.99946149204797,-0.022900452228032983,1
43.5,1.0105077901357729,-0.003194901555192779,-0.011021248373371246,87.98556167209692,0.02680221240407255,1
43.5,0.9954434013386069,0.005842199377406882,0.0020314502167782947,87.98189810990453,0.01877395945915155,1
43.5,1.0147284830715075,-0.0019710671700138562,0.005418643739573818,87.99391183909324,-0.03348987031562068,1
43.5,1.0100660565348982,0.014920587256890118,0.01533330570024067,87.98367931588837,-0.005338119086356017,1
43.5,0.9838385089881991,-0.019227616324954688,-0.01617791977045515,87.99436068181915,-0.014922538869069687,1
43.5,1.000726999398629,-0.02049661472723918,-0.0004264657383745964,87.96811659931454,-0.003131473581635987,1
43.5,0.992480550886128,0.010563041470918357,-0.00615535650643257,87.99062903894499,-0.0035837036044496524,1
43.5,1.000759209196723,-0.011722539881008989,-0.01818211794406166,87.98986072741681,0.006904086022714946,1
43.5,1.0034848717108145,0.017223351675286176,0.0007692324168255538,88.01778242562428,-0.007964087472993714,1
43.5,1.000528895117506,-0.00536325057005519,0.03863905051007171,87.97928792672181,0.016932089217706076,1
43.5,0.9991507241592055,-0.013829610111699765,0.005338755619856333,88.0280617159479,0.047738779564744996,1
43.5,1.054579836291906,-0.000861994648943322,-0.0042285168031746785,87.97621685200433,-0.0176910372309724,1
43.5,0.990317681541705,0.031101384072165516,0.0076748567438662185,88.01648299150438,0.021590277806395473,1
43.5,0.1179991307705492,-0.3735363590277149,0.8351844163323424,-4.921665860804449,-4.380663831267535,1
43.5,0.3145126824303135,-0.08936539103421948,0.7277478509176158,-8.30699568400422,-1.993915761056165,1
43.5,-0.11410869108318873,0.39182504122222717,0.6770235010153202,-4.017680476325374,1.4769733850586935,1
43.5,0.024096263391291332,-0.019407085490654785,1.119873859381283,1.0746740852888053,-9.396582094164296,1
43.5,0.34340931109728284,-0.15816927794507796,1.2528734324731825,-0.2213280564054685,6.385892578355886,1
43.5,-0.2257505530996074,-0.16073686728753075,0.8981713081685455,-4.776965583027659,-4.243347374156789,1
43.5,0.05215348257620228,0.20723154238606162,1.0634405616966403,0.6710109957375625,2.6588444732996486,1
43.5,0.07789776248241301,0.12287462234867377,0.7994285017964843,-7.340343139065569,-5.3997937139787044,1
43.5,0.25357900496930574,0.14116947343230785,1.0061037414748426,8.205049822150386,4.42415399872087,1
43.5,-0.01771352035182266,0.11741623820214131,1.0418176748407475,-4.717877772635615,8.324231210700223,1
43.5,-0.03223105874330006,-0.0755781248243099,0.007271352824447909,31.237074100748647,48.619743104352025,1
43.5,0.08220837603843612,0.1115397242468259,-0.008356718172868398,56.353548592764746,59.736845809121085,1
43.5,0.051697656979982076,-0.0006872737134165669,-0.04330431433104073,44.32434517020669,48.93919136651073,1
43.5,0.11621277037080663,0.10082902414105244,0.0031148613490984936,47.4265105169805,50.88056422592793,1
43.5,0.022596667965192236,-0.03677073927946715,-0.031473771016820945,56.96071724412211,54.03305557468836,1
43.5,3.1962491325029316,0.37592385956905,0.3096850494444471,84.83807817279991,13.781779384186557,1
43.5,3.5326276114466895,0.0671418611332226,-0.165494504662236,80.74971759473091,1.8745808251247476,1
43.5,3.259051970650593,-0.18356933776086756,-0.4475880552927521,70.94073658959559,3.085664046223897,1
43.5,0.9926406851484609,0.016848163986104166,-0.0010396200614149103,88.01568289120932,-0.01445386091264303,1
43.5,0.9800166014440551,-0.013030009143191443,-0.015632810078071817,87.99939836828663,-0.0036355524404043217,1
43.5,0.9911992303693323,-0.00720110784861546,-0.016209659639154536,87.98036570538538,-0.003248569624480742,1
43.5,1.0023750484773921,0.008569406258799551,0.018243051643473084,88.01315668954875,0.011457656499577236,1
43.5,1.0105753648211253,-0.0197600175550166,0.019335958333198563,88.01009144831193,-0.011611168818901845,1
43.5,1.0128662020351689,0.01615212094505249,0.0028013019344944635,87.98027821353074,-0.024091823814861676,1
43.5,1.0222832936038286,-0.01974545831882941,0.005845767202399441,88.00537902000738,-0.017957644346569483,1
43.5,1.0017818131467828,0.027804346346983783,-0.03614512296671605,88.01814353459791,0.04992525077713084,1
43.5,0.999324777762683,-0.028733382032250766,-0.006115719801364735,87.99852893373397,-0.027149671064436224,1
43.5,1.0171223031522947,0.018716231999856506,0.024508117064389198,87.98701207758207,-0.01895932393073914,1
43.5,0.9895497445450324,0.0027169610058605195,0.039714433375847395,87.98239222779796,0.017911998343974198,1
43.5,0.9923582471189277,-0.0037634347611255575,0.03429161767364479,88.01740578595066,-0.008955221997251708,1
43.5,1.0652569967561474,0.031028701780636207,0.017333927708381568,87.99069982726998,-0.013668548435644863,1
43.5,0.9958020805770592,-0.0010606471553533524,0.003869746443969677,88.00036963595936,-0.00941862498732057,1
43.5,1.0018974707921349,0.006138680266421396,-0.0032144606832402484,88.0420504954503,0.0035736022180412816,1
43.5,0.9878568311697592,0.007887479837429628,0.041571248224768986,87.99872574666466,0.025179245463703585,1
43.5,0.9992557155085108,-0.00523557293018439,0.01462533648816859,87.96544058023454,-0.012716954048067566,1
43.5,0.987523406427398,0.009845360615514965,-0.004597087348785569,88.00328777871945,0.002526100548773157,1
43.5,0.9810788553415951,-0.009501151997527083,-0.0254883732747134,87.99782650635613,-0.013255418791371583,1
43.5,1.0167051362503836,-0.004912548090415656,-0.010432395757429698,87.95208831534646,-0.01693435712663693,1
43.5,0.02450526531973124,-0.2612734466114543,1.0493281751918135,2.2607285101394936,-0.9118974955645847,1
43.5,-0.30979041257209,-0.020498740812588873,0.692282474265836,-5.011514523132843,8.065173683478164,1
43.5,-0.5711732685993954,0.0533516043256307,0.6124473832702881,-6.631420901289733,-1.1914956716538416,1
43.5,-0.2162214331135587,-0.24831367856743836,0.9487480665038548,-0.7964692897705294,-3.570588513933095,1
43.5,0.09621190503876392,0.14409137017772147,1.326036709767168,-0.9563303402509185,-4.500466342166951,1
43.5,0.2064416132743453,-0.10399127203260053,1.288506739109122,-6.984144770505707,1.4896897659096027,1
43.5,-0.13912738726334684,0.02802158719933358,1.1259778991913807,-2.4781704564312985,0.7646046310235128,1
43.5,0.007901737767291238,0.055097926316972634,1.2628451153836928,0.8407153677434724,0.4392764285494355,1
43.5,-0.05930618077275643,0.03696956783538404,1.1428360154856074,-5.786174785461274,-1.128623858061264,1
43.5,-0.27064766053271044,0.13256863605626698,0.8789548625040293,-1.6390606976833375,9.260079019601427,1
43.5,-0.05548045024468478,-0.054619591597686847,-0.023844616925850402,44.59080519840749,51.72808137356501,1
43.5,-0.037088155876466924,0.0289247975031144,0.02791246016139632,33.273875658947674,48.77634316384834,1
43.5,0.011538938523875913,-0.03574559533706214,0.09242055091757988,31.367122756906053,54.60630188295897,1
43.5,-0.039323187787641975,-0.0020236210321040726,-0.012102001965694973,32.81887942367148,33.55626227023345,1
43.5,-0.027180173837635227,0.06884320704413123,-0.008520299043052444,50.85359090031521,57.56055358461031,1
43.5,3.463497146397324,0.30044546442153514,-0.0844181243215242,85.10020936840678,2.2017195905710585,1
43.5,3.1034614365692237,0.3681129281143111,0.775595890373954,73.75237639743425,3.9553869381704243,1
43.5,4.192677914029795,-0.1479886231576799,-0.5396210812909832,81.74541872764465,1.8565519849893342,1
43.5,0.9960434412301545,0.013268927552739182,-0.013760466692232805,87.96693625353879,-0.011549494484917487,1
43.5,0.9984273312767327,0.012711069751633407,0.00617787010647245,87.99258736733564,0.012390762542054231,1
43.5,0.9990125820482351,0.04296324929743342,-0.04284492458191535,88.01486306585029,0.009899796937500177,1
43.5,1.023733235953099,0.007359407013741035,-0.0007934351895680874,87.96133833993703,-0.035743186462041894,1
43.5,0.9930782947898263,-0.006922175951406282,0.015440601367024962,88.03820718873627,-0.03773420336622518,1
43.5,0.9879689832501435,-0.0006203188714934809,-0.009876033657472104,87.99275737819022,0.010226975966019777,1
43.5,0.9826325279437386,-0.006211348448510344,0.047564763948607834,87.99124863359263,-0.008635394711306376,1
43.5,1.0108834637349848,0.012710068604042429,0.019566215233882866,87.9665626086556,-0.036527638071327154,1
43.5,0.9793840555134172,0.035429488200974524,-0.00036997717695116,88.00471264341648,-0.0009338186427923014,1
43.5,0.9893773426926292,0.01356889798320716,0.004003998145762441,87.99058027787815,-0.0067150264239799785,1
43.5,1.0063632712708783,-0.014016587563697626,0.03852453262298155,87.98383523730996,-0.0016568712727814232,1
43.5,0.9895748233259484,0.016457166667683598,0.016828721313832944,88.01158821131027,0.019422306855707977,1
43.5,1.006319788690911,0.015177114759460611,-0.01628531797126604,88.00399205115018,0.018322401011090738,1
43.5,1.0104666353943095,-0.018405007285362308,0.0207541411171353,87.97601789820666,-0.008432170586689361,1
43.5,1.0000658524371546,-0.00603887446810742,0.013698460403583607,88.01113506964096,0.018290322169197744,1
43.5,0.9936324707243609,0.025533655606032834,-0.028732098015869113,87.99164542911194,0.0033873025434723947,1
43.5,0.9981453189219178,0.007205526804642008,-0.001022944035306246,87.99533120623478,-0.0014409485648286583,1
43.5,1.0158353771838338,-0.0031471951400385907,0.00016979819482081248,87.98349260388106,-0.00711143650679821,1
43.5,1.0384922806754604,0.014745363947935759,0.0006816305665111937,87.96171487344624,-0.008609168347999444,1
43.5,0.989238518095896,0.0015490944510357678,-0.01896091567307677,87.99444645847022,0.0016491898842756997,1
43.5,-0.177947725624119,-0.11830970804684529,0.8396920886697291,1.4870018723836598,-1.937061684763858,1
43.5,0.00832490832499523,-0.23943435558349477,1.2262439390750055,6.037467497126205,2.855390579593088,1
43.5,0.28985778650512173,0.04679000260667534,1.2855304063988868,0.8030117034489681,8.692151539582248,1
43.5,0.19123364542294385,-0.18808814946157384,1.5563861730342454,5.732552837465821,-7.133849005757793,1
43.5,-0.12826059507854462,-0.22747182583556774,1.2497587819209774,2.0671774505911404,-1.96528243597173,1
43.5,0.0728701905330529,0.24901345851864454,1.3513089170863108,1.2198164775008262,-3.073066149869785,1
43.5,-0.03421100728538383,-0.06459856739028146,1.1283228199914606,8.111712981016755,7.827418959349593,1
43.5,-0.06471766036709055,-0.12838571819147515,1.3567229697591983,6.170762746524961,-4.944319482669702,1
43.5,-0.12286848614590713,0.3728788019427759,1.0290031063536578,0.3780962790051827,-3.008002593845857,1
43.5,-0.17051087169580148,0.03231214313749169,1.0931358611528224,-0.9491412126241361,5.883165295390192,1
43.5,0.02324201324209561,-0.047797671611218215,-0.030442295392144804,52.30601841197635,31.38086565239655,1
43.5,-0.011990626679859222,0.0104742220607996,0.005174484516198568,33.16597657052728,48.80231287218055,1
43.5,-0.04047147099280222,-0.0006240044106470941,0.06349885596993765,56.736180056882056,36.93450531128158,1
43.5,-0.07587321858731977,-0.010691596598878384,-0.028650592510684428,40.62559810568482,31.85572485723424,1
43.5,-0.051342651364380654,0.030538209730073946,0.037430820402732115,47.43954096548892,44.873537751017565,1
43.5,3.8318435392211936,0.23326659521571194,-0.11282655404808628,72.07665620214597,1.6911508187177215,1
43.5,4.164498838235511,-0.34540522607467167,-0.24122192510784418,87.75450837281021,4.527720829402108,1
43.5,4.076588988844229,-0.28986895643289606,-0.638135667361529,86.34307665651255,15.12782244651008,1
43.5,1.00846865739399,-0.006383436946351122,-0.03186188410269299,87.99532783320284,-0.012559252743468138,1
43.5,1.0151081086491283,-0.01291682921239838,0.016489944858562314,88.02533824686938,0.010025151248536228,1
43.5,1.022951065659207,0.0009733690721175522,0.007727360106814257,88.02845431613339,0.01300111972703164,1
43.5,1.0313539849487345,0.019375744707618422,-0.008888034932883359,88.03281554834744,-0.019007774089038334,1
43.5,1.0076658982586066,-0.003907525681298633,-0.014412854993782183,87.96018112580364,-0.016776563489320395,1
43.5,0.9721460629784934,-0.01833914237870065,0.0014706539748370582,88.00379555832794,0.011847745359955558,1
43.5,0.9916999592890522,-0.03377633583810176,0.010626222774256325,87.99388354875082,-0.002193084969584772,1
43.5,1.0309073577079586,-0.03895464256929955,0.013569186579424233,87.98071580881067,0.009986615783166938,1
43.5,0.9810278559594229,-0.016854371993003145,-0.03374345494343339,87.98469912271958,-0.02543699357191265,1
43.5,0.9726161915668947,-0.0362943817627973,0.028216063148683423,87.96566177070193,0.02852684947390175,1
43.5,1.0214452775577967,-0.01281406412919398,0.002626217776799586,87.99523550073499,-0.00622595620657054,1
43.5,0.9997722733260208,0.006976905726805774,0.0475025846801639,87.95467507281901,-0.01663105047826536,1
43.5,1.0093855427145357,0.013222231949965671,0.002117447963598454,88.00644333698796,-0.021894447820910094,1
43.5,0.995679581560055,-0.0013850483790169526,0.01888371248208077,88.01939656097493,0.008899539073938543,1
43.5,1.01885639501473,0.06187526520278278,-0.00985799813654606,88.01963245391387,-0.007683351585809589,1
43.5,0.9964502498651732,0.015532385570777123,0.030200315031281788,87.97594310791902,0.015030313071216281,1
43.5,1.0222813484910547,-0.029331894519917082,-0.029764210739638135,87.99791144021953,-0.0022184523143270346,1
43.5,1.0065744915710046,0.003817359620038411,0.02277302086378958,88.0165152746527,-0.03354763188008838,1
43.5,0.9846791193814778,-0.030901105383974704,0.013644794314049767,87.99571533447876,0.012436512611345556,1
43.5,0.9821692871190779,-0.01776778986539688,0.032618563594697475,87.96309777010919,0.0034247409463821084,1
43.5,0.17518556511145478,0.03496992072394092,0.5853524499145799,-3.8392528480234027,-9.813099378554742,1
43.5,0.040629004637729,0.02360402806872576,1.0810716392892818,-5.421399969977429,-3.015235444467475,1
43.5,-0.20490041838167375,0.06306010870803297,0.9645458549312851,8.784914611993724,7.648774284333523,1
43.5,-0.2466505190842206,0.0932146002005362,1.2421385827474314,-7.299218022534733,-0.1750272781041886,1
43.5,0.216296080623268,0.14432648720678,0.9322612337434295,-5.504039012102739,1.5039281293921576,1
43.5,0.03752053172235996,-0.2238808141813966,0.9472568635417504,6.320618079952364,5.880754236163492,1
43.5,0.31652255811067875,0.028498298958923182,1.4045622886216897,2.0961441291468184,-7.453073105813375,1
43.5,-0.17797437947748074,-0.024627215669315174,0.8250223422725445,6.989116464947919,-7.400171569781094,1
43.5,-0.022889483013678696,0.11315920213727237,0.8534632229827408,1.3355298491518361,-8.04336336159219,1
43.5,-0.11222135136571457,-0.04961698692547646,1.0512282997355085,9.94713875867603,0.20775493115563037,1
43.5,0.08275914500211866,-0.022111475358089626,0.07311279436718524,36.62578107115024,45.881496073846506,1
43.5,0.047177861826091905,-0.07629278815688571,-0.0034009716703650343,39.80541666570397,34.06938110334352,1
43.5,0.03413934182350067,-0.03935640206617517,0.04491527701644205,56.115714345081386,31.497630329337625,1
43.5,-0.006594135214267595,-0.020161779530765974,0.009287171194015805,41.842986642379074,32.69465802747059,1
43.5,0.018663838856693146,0.03408276567004122,-0.01378516815604322,30.453776287248868,35.64760742785135,1
43.5,2.7851319298669686,-0.084054532877691,-0.07704464306950112,83.27872812340625,7.22254212766437,1
43.5,2.6102843933769635,0.7135669568261057,0.07795574947045565,80.44021690917053,16.43361730495343,1
43.5,2.436453738090659,0.5948895453470976,-0.18078188830587133,80.77862037144345,13.541025589440487,1
43.5,1.0185395549185707,-0.01839492413079658,-0.003998792521713088,87.99212323958726,-0.005531267371634904,1
43.5,0.9900290611485272,0.0003320036007959183,-0.004947312313363767,87.98541825306401,0.0012806117796416603,1
43.5,0.9929818605828098,-0.013895690750817535,-0.0016721083879026502,87.9958497628841,0.0024668604550842094,1
43.5,1.0166154288865108,-0.00736129623455218,-0.024034819012476435,87.98017165683169,0.004466084919318252,1
43.5,0.9644999573835935,-0.03524985055357043,-0.013470273770933024,87.97902368691292,-0.007109788803814446,1
43.5,1.0177019870932613,-0.009909797588194833,0.015091919210745973,87.99168611113983,0.025751396084518704,1
43.5,0.9745125042327383,0.018132209342489727,-0.016605394968675757,88.00150687932013,-0.0031041428692930376,1
43.5,0.9623312855135107,0.005870911798301974,-0.013908271646518786,87.9911402942291,-0.0006731543273729706,1
43.5,1.0152109853365847,-0.018025284444596383,0.007668139701787272,87.9790360802477,-0.024352902166554447,1
43.5,1.0164506733521788,0.016830187794614794,0.02657639073204221,88.0125302252418,-0.06899407111832623,1
43.5,0.9974547178094556,-0.03401228324245513,-0.017153123811201695,87.97530106441226,-0.004944292461113678,1
43.5,1.0172052164101322,0.00994255025063556,-0.012619025611491086,87.96235844804532,0.006823601824167163,1
43.5,1.0215574365787032,-0.012006397359612526,-0.008087298558576757,88.01730306814845,-0.02485717514796503,1
43.5,1.0236418205555133,-0.015507551531286641,-0.007266553107101633,88.03589594801595,0.002671833501317295,1
43.5,1.0169337550964992,-0.038749610387441555,0.03879781626863978,87.99988465890696,0.0014573947411953717,1
43.5,1.0069640737690435,-0.01837079344043579,0.0150711526061537,87.99853335185811,-0.010493452806708126,1
43.5,1.0232279513585665,-0.014665879300527778,0.0394468668631447,87.98665419682358,0.040739353571398976,1
43.5,0.9673835431405278,-0.03871724604437576,0.00742758309888269,88.00713715616185,0.007489641175011438,1
43.5,0.9954514977548942,-0.0443374360085676,-0.008812096287867928,88.01470719955977,0.010414175858315165,1
43.5,0.9931482098975842,0.0061069968763553285,0.01838502775560198,87.99130330230152,-0.006315713721623736,1
43.5,0.23920731606280554,-0.07484460025345392,0.6585063193426983,-9.5901039024441,-9.730851349898353,1
43.5,0.12298478889492877,0.0717747533290951,0.6189626492957973,-1.8470126482913862,7.971929285580121,1
43.5,-0.05796782530799889,0.1489554913322238,1.144712654856997,-0.7319858529234313,-4.268742653338218,1
43.5,-0.18112784587774836,0.0636872921066832,1.0918491226027927,0.2899628318054823,8.417749691302731,1
43.5,0.32698923604209074,-0.22839635689703142,1.1133095829222648,-1.011466682833369,9.169429225919131,1
43.5,-0.20689388307055345,-0.4043090705719517,0.8551228698032316,-4.633609940285101,-1.8414237848894608,1
43.5,0.1366191374102132,-0.022715707946367705,0.9874920926158918,-6.789168083101577,9.686206613033267,1
43.5,0.21593181408143317,0.27795956415958206,0.7609537740644338,-9.604434843350582,8.318999224732103,1
43.5,-0.04265973658722653,0.341969632984212,0.8259914352828421,6.952680495337976,2.478253530735069,1
43.5,-0.004593157059957983,0.2418437034040183,0.7837434716333824,4.961264434270223,-1.075841548562078,1
43.5,-0.04605680054388091,0.13592541626076585,-0.06165892131941664,46.3955618578872,52.11604348530068,1
43.5,0.05571641443354635,0.051533508329543946,0.021128605953272518,32.05100147113741,33.80938359869529,1
43.5,-0.06943150600012449,0.001102431246085786,-0.07099153992751657,32.81708802809389,30.30823393126733,1
43.5,0.020908400468488204,-0.08989498797173251,0.05514489408943238,57.55540607895035,34.64810290459115,1
43.5,-0.0603336034054811,0.0415203819737925,-0.03150380244820238,53.92318096885096,44.92340585127303,1
43.5,4.624012440960614,0.8516429953069614,-0.34787645000273426,84.28422257357198,18.735637761304865,1
43.5,2.731312505275188,-0.03517985092693966,0.25777463084843727,81.56472879002838,11.147728813554266,1
43.5,3.3303605492533936,0.6559540072449652,0.2553677060331244,72.75823223334719,11.566528995525578,1
43.5,0.9487499884202858,-0.022179627993092477,0.008135240077707226,88.00983082586335,-0.013308946168021417,1
43.5,0.9884484737580901,0.001439909041204611,-0.012463289522373853,87.99275986272532,-0.021985898863627253,1
43.5,1.0159499101999832,0.01488157758920215,-0.00901703564893748,88.00030387659226,0.0035397674705899594,1
43.5,0.9800328623193287,-0.023840540360605234,0.015817562503311428,88.00894705098163,-0.026734739966778998,1
43.5,1.0058741195953356,0.019683507453624297,0.009715926810721639,87.95254538602704,0.010067450625488368,1
43.5,0.9798862152889961,0.014634493674823343,-0.030790642140036507,87.99047761927099,0.0022657649893797613,1
43.5,1.006599660465702,-0.0037064892029781073,0.021378865918116365,88.00520380266339,0.028460296135333442,1
43.5,0.9976668979587734,-0.01347155450989846,0.02173895086186293,88.00556173159657,0.002653244219559021,1
43.5,0.9590714987487255,0.007530184524062406,0.003289670787878502,88.01493888039886,0.018487639121008176,1
43.5,1.0067993973490195,0.00407118182820455,-0.018563635901595356,87.97136565713362,-0.019022574339248643,1
43.5,1.0308039879254056,0.012617912543697667,-0.03273836709745638,88.01367352522513,0.003505093364939359,1
43.5,1.0023062456563636,0.019296777352952623,-0.015401221941513847,88.03585332918907,0.027607134755666417,1
43.5,0.9731995778809431,0.039725439846769454,0.01054438900926729,87.98642878108741,0.02680235767792257,1
43.5,0.9976497911250554,0.011442528897079201,0.0045502805342488555,88.00733513171961,0.015744765965451667,1
43.5,1.0097517166095193,0.007120127609714738,0.01565259621831419,88.0353714753895,-0.014094980223995881,1
43.5,0.9921925323588601,0.009287527428527838,0.020222849551248312,88.03743737634173,-0.017664749494560622,1
43.5,0.9849154882540244,0.007255937446124389,0.0009003435142157265,88.01762026555666,-0.013021853963925746,1
43.5,0.9980735154942432,0.011558596743558453,0.0074130828116645295,88.00197308361221,0.019711026135329757,1
43.5,1.0457315294787592,-0.020092368652780933,0.009851699557706785,87.96298422060126,0.01870227411762265,1
43.5,0.9817292363982564,0.03622694301650849,0.04326202960154363,88.02245823162512,0.03669992675848918,1
43.5,0.02726167160167156,-0.11505700351764572,1.0209659027677513,-3.624067760091636,-9.653241242947061,1
43.5,-0.16492810242274614,-0.18562078727408124,0.8556530287941633,-1.6550452572158818,-2.849019754085065,1
43.5,-0.10095330767945954,-0.07511782911638243,1.4787910595636407,-0.8079754653653239,0.5160846018291032,1
43.5,-0.18179003059333845,0.25162501038856594,1.117845636539879,-6.363994347817538,-2.694067784348622,1
43.5,-0.07285298827725621,-0.031950679115331525,0.8776177166174537,3.7916123117726777,-9.761733176082021,1
43.5,0.1638520287628903,0.1536639598993791,0.6887714749351634,-3.6010213834927773,-6.683390420068543,1
43.5,0.1376877324141676,0.12517430014236916,1.2180035493457821,-8.306742120146994,-9.674788895413617,1
43.5,-0.10709340145494786,-0.09036268817176628,1.1353800817035307,-0.3130848562748092,-1.231684830692771,1
43.5,-0.08025319559704597,-0.2549501541151934,1.2485280417381797,8.19687953127487,-1.831898426086756,1
43.5,0.2914532358443254,0.07245403699260165,1.0992069271257794,5.67405079432273,-8.152747788882401,1
43.5,-0.0079272108228407,0.0032698101394923657,0.022194110600390837,41.67054265831675,31.39277518311122,1
43.5,0.0177931628526282,0.02465814446282445,0.07456851603925406,33.025125032049665,32.74986471275268,1
43.5,-0.03307415532685391,-0.02561973204917575,-0.024286041427849334,36.087949020198735,31.609429946220505,1
43.5,-0.012030672690729757,0.0082836646339897,0.09032486570165438,33.1400574785748,31.935123943246797,1
43.5,-0.04054630747237939,0.00993563341510997,0.044674495905756076,32.38393592922557,31.54180435862333,1
43.5,3.26426556354751,0.6170488120106936,0.0193615940174288,85.20294460631939,5.604631339698276,1
43.5,3.5089265581936013,0.10749707019723194,0.960655230235563,80.32523873875114,17.266370342458913,1
43.5,4.493133521526473,-0.19022239820224407,-0.20623583979399918,71.99393501838242,3.3793804167713426,1
43.5,0.9769270364397591,-0.011451384632565445,-0.00941644565391149,87.97101114139198,0.009505040337684897,1
43.5,1.0234139172481367,-0.004295869367536633,-0.00883150950361062,87.96920382739556,-0.028291419943160322,1
43.5,1.0017279994652044,-0.015250161996561996,-0.016135966434554748,88.01441187505148,-0.011069000205883408,1
43.5,1.0115759723092774,0.006235873675046653,-0.03304068474219052,87.98969152375444,0.02045771973605264,1
43.5,1.0019161984471112,0.03054660767313468,0.005828068288704362,88.01385751198073,0.029445714484463894,1
43.5,1.0380431565455985,-0.006313866938978821,-0.09054400314004092,87.94307639720671,-0.016850310044523146,1
43.5,0.9935538700737578,0.01289915862077151,0.025239706693014702,87.99475846706554,-0.0031522884687553627,1
43.5,1.0159690211269836,0.00938934656633305,-0.022121894473890395,88.02084340687996,0.019624841154940155,1
43.5,0.994154145424386,-0.024539203694868044,-0.007990043970314052,87.98242857621803,0.013071309418824922,1
43.5,1.0221659110895462,0.0029525907944236104,-0.010620165348177604,88.00406029397834,0.022343219604399178,1
43.5,1.0112847860711254,-0.047251552244527,-0.009123786022853247,87.94703976779427,0.013970443528166916,1
43.5,1.003047804006323,0.025937136562837138,-0.00664758624336188,88.02523391205308,0.04422399138306864,1
43.5,0.9643435889951923,0.0038440059434016794,-0.012673748880159525,88.01478697777348,-0.02364128575835801,1
43.5,0.9668486551098316,0.03955095352948212,0.05450362587236966,88.00060203385229,0.03512696203977831,1
43.5,1.0134440262258952,0.009136680883365335,0.014738624025516154,88.00848183573834,-0.018353586033775314,1
43.5,0.9955797359968794,0.0018571070850852789,-0.016302432829326682,88.00493458028467,0.009885097812328705,1
43.5,0.9904143521338394,0.0031452161272059816,-0.025987574284968645,88.02815109704353,0.017472462047246347,1
43.5,0.9857650640448727,-0.001789334108638118,0.016214268316489068,87.99576663381725,0.0010971875006977941,1
43.5,1.0079013307178475,-0.015151153528791072,0.013816914308790083,87.97713593474973,-0.007122947945278816,1
43.5,0.9545356993830882,-0.03900713678913025,-0.028736238221827897,88.0367198552601,-0.002519447939848244,1
43.5,-0.24984573880718988,0.2562739105390258,1.1376939121080016,1.605902499445449,8.230850223235635,1
43.5,-0.17946395119675354,-0.11314794037709341,1.3251429932965035,7.4346067230849435,-8.949158501149565,1
43.5,0.13678134871715592,0.018296760341436454,0.9558819719829001,2.516784804982926,-0.945106259277777,1
43.5,-0.11619685003557992,0.41488172829879977,1.1086757787550325,-7.209633220067326,-3.6657839615383363,1
43.5,0.14074337778397858,-0.4193641345381878,0.9827441831614466,-3.044765380922973,9.107934188631848,1
43.5,-0.14130579886097303,-0.14630945682878257,0.8237813643914209,6.344417135559887,-1.1903300472537044,1
43.5,0.16050763516259742,0.15422238505475766,0.8773908410300849,9.555110031235753,-8.817010245974577,1
43.5,-0.12138666371851024,0.21066202641292167,0.98671514627102,4.655914073241851,-6.31381705256204,1
43.5,-0.15045451338481022,-0.05433164867897997,0.9454566950245924,-4.919827506930046,-9.054139545123657,1
43.5,-0.15133199574353076,0.01157145515429786,1.0058408693792373,3.6963512432555685,2.8083980727229108,1
43.5,0.01982436291928205,-0.07916605700450374,-0.05784307444138858,41.77244637913466,48.90971857684226,1
43.5,-0.012192540020892746,0.06357282724983913,-0.05014388625181705,54.49707451891293,58.390022486014836,1
43.5,-0.01570031032845706,-0.009010073469887308,-0.014361000996436024,42.18221600784966,47.32465165297755,1
43.5,-0.00545387737944188,-0.09202478089014948,0.029036201369028722,35.063235146349065,43.57238298342295,1
43.5,0.03776180323715351,-0.008347462635958789,0.026826864012095643,36.2670475676377,36.26282944465417,1
43.5,3.270189022200146,-0.40991261328970346,0.23646870742867496,85.4083653743537,2.575081790406877,1
43.5,3.7503759840037327,-0.05413412208226488,0.8994515494966072,70.64747449887061,19.789265283546122,1
43.5,3.1909161618159683,0.5296020870420651,0.044977541294932505,70.22235636256988,7.5361166871373975,1
43.5,1.030454435880362,-0.022145757266239588,-0.03823569151911579,88.0116141743193,0.012974299256294513,1
43.5,1.001155841387967,0.03526755844091461,0.040739679760782625,87.99811655260044,-0.04720661165145495,1
43.5,1.0321404402568533,-0.011348497165480295,0.009413524899841328,87.9922751421947,-0.021469491227102094,1
43.5,1.0073666818370994,0.0024109583135931622,0.0004486689234232804,87.98952176243859,0.0015491118768037177,1
43.5,0.9906905075329282,0.01678891908454875,0.01667149830448712,87.98492921759672,0.003891567685259042,1
43.5,1.0004982839177199,0.022587283700250975,0.003358251119325909,87.99293718956994,0.004732663352389557,1
43.5,1.01698675484532,0.012103571516075756,-0.00959894709199531,88.0147262404014,0.02817703566947687,1
43.5,1.0274273777375549,-0.004375493895252559,0.001209921810525523,88.02589888198041,-0.013438329760825157,1
43.5,1.010616198316551,-0.012886705604365212,-0.005406557133343778,88.00115047335142,-0.030086579198292114,1
43.5,1.0049356949504147,-0.030188680882826033,0.0023341901289643746,88.00894806318595,9.376667150971813e-05,1
43.5,1.0044740896340723,0.0009784712918591422,0.012723242083758982,88.01381807134806,0.006749724201773556,1
43.5,0.9909797968268524,-0.019009756059709348,0.015500592402489364,87.97488151596642,-0.0175672305904212,1
43.5,0.9606326491174728,0.007551591886321971,0.019833078514514376,87.97232845090876,-0.020459559838720397,1
43.5,0.9751092371020992,-0.0053076760122607,0.0031712388872199905,88.00529591807914,0.012714503773130797,1
43.5,1.0092983665888957,0.012143063824529128,-0.027865621673154983,87.99740895020516,-0.03103164477071211,1
43.5,1.0319219785573384,-0.009356307050180437,-0.033283294569873695,87.99941095365965,-0.010029363928135365,1
43.5,0.9889430632019711,0.0008968434456346098,-8.014111791481348e-05,88.00779106111159,-0.011965449927715973,1
43.5,0.9758617262777167,-0.020466850703254595,-0.04044482256327054,88.03427523237951,0.011963537974313772,1
43.5,1.0147825896235365,-0.015428907933926213,0.00717142936153205,87.97093278722679,0.031096952901650744,1
43.5,0.9984897397249347,-0.005935635114628068,0.010807143768170935,87.98658394257248,-0.005014571259268987,1
43.5,-0.21309777123004803,-0.2957851595862841,1.1430094958264303,0.7438277428127815,9.641447657152838,1
43.5,-0.06751394016948109,0.2484272414175541,0.9191010726135349,-2.413618743655679,5.172749054160903,1
43.5,-0.17150899307137163,0.32773233164120114,0.9164246580981243,-2.0187442298106433,-5.870389862293111,1
43.5,0.26911375125675474,-0.011264658276825112,1.033946346310241,-9.141289293489628,8.830369558851952,1
43.5,0.06107988837076959,-0.25768952287180524,0.9173182100734256,-2.38734564079925,-8.159204784977085,1
43.5,0.029538511389144595,0.14435138515471263,0.6529204660173735,-7.5175492562229085,-2.145870186469663,1
43.5,0.12211075597370201,0.18506065491242246,1.2051752212615912,-8.448539448168297,8.632818053056337,1
43.5,0.39353061615022594,0.049368069446889054,1.1756100285484385,2.7961574653239456,3.8550152081016176,1
43.5,-0.08022578192473712,0.11970146309625779,1.225918632345542,5.750650474209902,-8.586819336179198,1
43.5,-0.2522081459027674,0.043499197341863825,0.9159185911133944,-1.1333766274395813,3.8563220439562347,1
43.5,-0.012051226630059877,-0.04324267639867682,-0.018450570347002714,57.735375789829945,53.30553363754708,1
43.5,-0.006251295979220577,0.017807668045326182,0.010684577704586048,36.16895609279218,32.098973441813946,1
43.5,-0.0069267214489585035,-0.07623056173748495,0.05304558637102577,59.07367994617789,41.64853021183981,1
43.5,-0.08243766130880252,0.060904353224477674,0.0994095917937057,33.63650599876247,35.607886917865216,1
43.5,-0.08004000326772953,-0.1152085767825353,-0.029312343831454785,41.236797975066864,34.410749386136985,1
43.5,2.249267002943427,0.07293273476931217,-0.6489967745526094,78.1539896735106,8.73067613395695,1
43.5,2.6125875700916943,0.3245882411342272,0.8746745146526359,75.88784512342835,4.749383783831888,1
43.5,2.5958970870741416,0.7659631295885797,0.3151553961124695,86.07414076036719,16.202747353871377,1
43.5,1.0135579977454652,-0.003937777658909273,0.0023661210802166893,87.9982075056608,-0.000987110300898974,1
43.5,0.9958781526459766,-0.0024232187113337124,0.008360416425321935,87.95661456072183,0.004574566107244686,1
43.5,1.0017615659164167,-0.008777217032291484,0.02164556579682394,88.01646921773937,-0.011313953301434402,1
43.5,0.9843157400148301,0.0036684472724179927,-0.02547519543660984,87.99410583396697,0.04421939450718888,1
43.5,0.9868748578445521,0.03223203586401673,0.00832746488368647,87.9920782418353,0.007703609651116942,1
43.5,0.9700296990849101,0.001708975082568698,0.010464039571543746,87.96212110545929,-0.0030075960520904604,1
43.5,0.9948064857746051,-0.009566744215450994,0.018332704804750508,87.99735317654054,-0.003322903822104525,1
43.5,0.9919967870317971,0.004285628107898634,0.008392483412450883,87.97737133906669,-0.011829210993581299,1
43.5,1.0150291412160457,-0.002261558375149737,0.004320683555879591,88.0179598741792,0.009103430412744454,1
43.5,1.0380800582966976,-0.004077540713995911,0.008742812588289609,88.00986866847182,0.00017174394890994796,1
43.5,0.989323209004802,-0.026005114220803913,0.012719208850075454,88.00801393601961,0.011505523161697888,1
43.5,1.0243426696706526,-0.01360869165833108,-0.0017810299171579023,88.00987670411631,0.017997951768399523,1
43.5,1.0151091415264386,-0.0006271819157835239,0.010156405868249235,88.010915339676,-0.02492329751865365,1
43.5,1.0353318497986137,0.0432422817463305,-0.019568897398106647,87.99044210456795,-0.016837400597003654,1
43.5,1.0118038580409228,0.000971468842830979,-0.006973239728050974,87.99617613636119,0.008896964048786413,1
43.5,1.0251733078797034,0.00883948752286003,0.0192397943585397,88.021533984779,-0.019365651861375812,1
43.5,0.9564898164546775,-0.02208613377892153,0.0290063858883811,87.98483724322223,-0.0008682548558064324,1
43.5,1.003096003480419,0.04074872281418724,-0.0042068328980480445,87.98745931672046,-0.01738830575497078,1
43.5,0.9680414487302518,0.0179802303397974,0.012161843608000576,87.99157578495895,0.019461530091796648,1
43.5,0.9905665912162861,0.049273836188749365,-0.020302222358273687,88.00941618065241,6.4433876788381946e-06,1
43.5,0.35973718064118676,0.03281651000448594,1.280400532765952,7.693885972746138,-9.26964961096058,1
43.5,-0.3083245651405684,-0.28364472259824763,0.9699273619162062,-1.7408937232060229,3.6737048734288003,1
43.5,-0.2521765113554628,-0.035600366613425714,1.1875394725907928,-3.4305322510515097,4.79066726956183,1
43.5,-0.3220570269323772,0.2241915382788549,0.7506978035340512,3.8060202861566985,7.494680343453609,1
43.5,0.22232207067028353,0.27314998036389154,1.280750985316071,5.695495440934749,9.241361545374943,1
43.5,0.5089582421274699,0.28964656102614117,0.8710837997139422,2.8578535735883754,-7.5228541048171405,1
43.5,-0.028429951651556595,-0.0630003683334606,0.9688055728947483,-1.4357235948120621,4.008726874818475,1
43.5,0.0027056509282987087,-0.1501869497413204,0.7458544647347962,-4.625467260677798,8.406415251296448,1
43.5,0.21167571664727602,-0.015724923096085468,1.0663074914482396,5.168160957912761,-8.767845455509784,1
43.5,0.30028119834357725,-0.12809488786676368,1.1285516164009746,-4.734380913302045,-1.5470352456860166,1
43.5,0.002803368962476098,-0.023029325138923015,0.04713365012760076,44.953388152654576,39.99729511265758,1
43.5,0.04657955923428729,-0.007104349411633976,0.009420228368848201,34.32094505380222,54.13944459491523,1
43.5,-0.03911258646423025,0.05161538639183379,0.01075711865527724,50.28339498618093,49.35589820764563,1
43.5,-0.009750059753324077,0.12852915347261268,0.10532283560299244,44.63237857351902,30.468276403880388,1
43.5,0.0034163646723812443,0.08631948481784117,0.05179883595980113,55.18990549940322,37.475786371061986,1
43.5,4.1357224279633975,-0.6183805567967148,0.0967806371113678,82.7010527616541,8.20120130879591,1
43.5,4.008987909773127,-0.2019443964076613,0.2610248509544283,72.71031001595023,17.922406643750538,1
43.5,3.6419994632260257,-1.1828803291162635,0.22408760105401399,80.88785951906549,18.319549931250855,1
43.5,1.0092990184587982,0.011733995332048247,-0.02778536790891547,88.02393449447048,7.074737762838025e-05,1
43.5,1.0339583454495263,-0.03811239392354332,-0.005325350397076046,88.00751502044936,-0.001183662629481547,1
43.5,1.0276106440869586,0.0061867430509362055,-0.004975424343613554,87.98987800247616,0.005833843878155314,1
43.5,0.988055938947149,-0.006548066504411169,-0.005133856816041206,87.95651624754879,0.02701131271275907,1
43.5,1.0089624905550947,-0.007437890350537765,0.00184570405992514,87.97377939867177,-0.0058186811233471155,1
43.5,1.0067506698332869,-0.00628541894917774,-0.009731771336915976,87.99586033447315,-0.0026720085382520467,1
43.5,1.0038185070807757,0.015464965897481427,-0.020241004772226165,87.9915144225056,0.01308788190886752,1
43.5,0.9553512622945193,-0.011333704894755712,0.04522306675709894,88.00219923144526,0.003725095569778323,1
43.5,1.0079394251121319,-0.006031931534469594,0.009312667154409034,87.98088456011406,-0.019331849852454532,1
43.5,1.0002984768189376,0.010870083031866167,-0.010830081988063841,87.99935717773307,0.015478778292169872,1
43.5,1.0194005035159035,-0.027591927248504924,0.0065275947493996,87.96574250810217,-0.011871072537316032,1
43.5,0.9830533744185761,0.017399066711143878,0.027981694913609134,88.01680008213759,-0.009480317544635266,1
43.5,0.9789266453094083,0.0016835830255329369,-0.0065761496030634446,87.98040622682254,0.008798341229112815,1
43.5,1.0109005719862572,0.030178738146171252,-0.028656134206794897,88.0308650870115,-0.0035833305803891547,1
43.5,0.9866049197236432,-0.03212693168891247,0.03806195286873595,88.00272986707009,0.01169197212724819,1
43.5,0.9771203002178026,0.03524474215578411,-0.033257201121670986,87.98582264918893,-0.03267548996267537,1
43.5,1.002211591951006,-0.02061109393017338,0.0043794726429592255,87.99018341981987,0.02718013483733055,1
43.5,0.9874615243738167,-0.0031286525653920795,-0.01787749865329387,87.99489494287354,0.029784673030286674,1
43.5,1.0031156171064555,0.023293580876935983,-0.025955314191401485,88.00044352941126,0.0024232839506976526,1
43.5,0.9841616263958991,-0.03256221278737867,0.005432767297322252,87.98594154533241,-0.02584950825580476,1
